Id,PRICE
82653,82653
82654,82654
82655,82655
82657,82657
82658,82658
82659,82659
82660,82660
82662,82662
82663,82663
82664,82664
82665,82665
82667,82667
82668,82668
82669,82669
82670,82670
82671,82671
82672,82672
82673,82673
82674,82674
82675,82675
82676,82676
82677,82677
82678,82678
82679,82679
82680,82680
82681,82681
82682,82682
82684,82684
82685,82685
82686,82686
82687,82687
82688,82688
82689,82689
82690,82690
82691,82691
82692,82692
82693,82693
82694,82694
82696,82696
82697,82697
82698,82698
82700,82700
82701,82701
82702,82702
82703,82703
82704,82704
82705,82705
82706,82706
82708,82708
82709,82709
82711,82711
82712,82712
82713,82713
82716,82716
82717,82717
82718,82718
82719,82719
82720,82720
82721,82721
82722,82722
82725,82725
82726,82726
82727,82727
82729,82729
82730,82730
82731,82731
82734,82734
82735,82735
82736,82736
82737,82737
82738,82738
82739,82739
82744,82744
82745,82745
82746,82746
82749,82749
82750,82750
82751,82751
82753,82753
82754,82754
82755,82755
82757,82757
82760,82760
82761,82761
82762,82762
82765,82765
82766,82766
82767,82767
82768,82768
82769,82769
82770,82770
82771,82771
82772,82772
82773,82773
82774,82774
82775,82775
82776,82776
82777,82777
82778,82778
82779,82779
82780,82780
82782,82782
82784,82784
82786,82786
82787,82787
82788,82788
82789,82789
82790,82790
82791,82791
82792,82792
82793,82793
82794,82794
82795,82795
82796,82796
82797,82797
82799,82799
82800,82800
82801,82801
82802,82802
82803,82803
82806,82806
82807,82807
82808,82808
82809,82809
82810,82810
82811,82811
82813,82813
82814,82814
82816,82816
82817,82817
82818,82818
82819,82819
82820,82820
82821,82821
82822,82822
82823,82823
82824,82824
82825,82825
82826,82826
82827,82827
82828,82828
82830,82830
82831,82831
82832,82832
82834,82834
82835,82835
82836,82836
82837,82837
82838,82838
82839,82839
82840,82840
82841,82841
82843,82843
82844,82844
82846,82846
82847,82847
82848,82848
82849,82849
82851,82851
82853,82853
82856,82856
82857,82857
82858,82858
82859,82859
82861,82861
82863,82863
82866,82866
82868,82868
82869,82869
82871,82871
82872,82872
82873,82873
82874,82874
82875,82875
82876,82876
82877,82877
82878,82878
82879,82879
82882,82882
82883,82883
82884,82884
82885,82885
82886,82886
82888,82888
82890,82890
82891,82891
82892,82892
82893,82893
82894,82894
82896,82896
82898,82898
82899,82899
82900,82900
82901,82901
82902,82902
82903,82903
82904,82904
82905,82905
82906,82906
82907,82907
82908,82908
82909,82909
82910,82910
82911,82911
82912,82912
82913,82913
82914,82914
82915,82915
82916,82916
82917,82917
82918,82918
82919,82919
82920,82920
82921,82921
82923,82923
82925,82925
82926,82926
82927,82927
82928,82928
82929,82929
82930,82930
82931,82931
82932,82932
82934,82934
82935,82935
82938,82938
82939,82939
82940,82940
82942,82942
82943,82943
82944,82944
82945,82945
82946,82946
82947,82947
82949,82949
82950,82950
82951,82951
82952,82952
82953,82953
82954,82954
82955,82955
82956,82956
82957,82957
82958,82958
82959,82959
82960,82960
82961,82961
82962,82962
82964,82964
82965,82965
82966,82966
82967,82967
82968,82968
82969,82969
82970,82970
82971,82971
82972,82972
82973,82973
82974,82974
82975,82975
82976,82976
82977,82977
82978,82978
82980,82980
82981,82981
82982,82982
82986,82986
82987,82987
82989,82989
82990,82990
82991,82991
82992,82992
82994,82994
82995,82995
82996,82996
82998,82998
82999,82999
83000,83000
83001,83001
83002,83002
83003,83003
83005,83005
83006,83006
83008,83008
83010,83010
83012,83012
83013,83013
83014,83014
83015,83015
83016,83016
83017,83017
83020,83020
83021,83021
83022,83022
83024,83024
83025,83025
83026,83026
83027,83027
83028,83028
83029,83029
83031,83031
83032,83032
83033,83033
83034,83034
83035,83035
83036,83036
83037,83037
83038,83038
83039,83039
83040,83040
83042,83042
83043,83043
83044,83044
83045,83045
83046,83046
83049,83049
83050,83050
83051,83051
83052,83052
83053,83053
83054,83054
83055,83055
83056,83056
83057,83057
83059,83059
83060,83060
83061,83061
83062,83062
83063,83063
83064,83064
83065,83065
83066,83066
83067,83067
83068,83068
83069,83069
83070,83070
83072,83072
83073,83073
83074,83074
83075,83075
83077,83077
83079,83079
83080,83080
83081,83081
83082,83082
83083,83083
83084,83084
83085,83085
83086,83086
83087,83087
83088,83088
83090,83090
83091,83091
83092,83092
83093,83093
83094,83094
83096,83096
83097,83097
83098,83098
83099,83099
83100,83100
83102,83102
83103,83103
83104,83104
83105,83105
83106,83106
83108,83108
83109,83109
83110,83110
83111,83111
83112,83112
83113,83113
83114,83114
83115,83115
83116,83116
83118,83118
83119,83119
83122,83122
83123,83123
83124,83124
83125,83125
83126,83126
83128,83128
83129,83129
83130,83130
83133,83133
83134,83134
83136,83136
83137,83137
83138,83138
83139,83139
83140,83140
83141,83141
83142,83142
83143,83143
83144,83144
83147,83147
83149,83149
83150,83150
83151,83151
83152,83152
83153,83153
83154,83154
83155,83155
83156,83156
83157,83157
83158,83158
83159,83159
83161,83161
83162,83162
83163,83163
83164,83164
83165,83165
83167,83167
83168,83168
83169,83169
83170,83170
83171,83171
83172,83172
83173,83173
83176,83176
83177,83177
83178,83178
83179,83179
83180,83180
83182,83182
83183,83183
83184,83184
83185,83185
83187,83187
83188,83188
83191,83191
83194,83194
83195,83195
83197,83197
83199,83199
83200,83200
83201,83201
83202,83202
83204,83204
83205,83205
83206,83206
83207,83207
83209,83209
83210,83210
83212,83212
83213,83213
83214,83214
83216,83216
83217,83217
83219,83219
83220,83220
83222,83222
83223,83223
83225,83225
83229,83229
83231,83231
83235,83235
83236,83236
83237,83237
83238,83238
83240,83240
83241,83241
83242,83242
83243,83243
83245,83245
83246,83246
83247,83247
83248,83248
83249,83249
83250,83250
83254,83254
83255,83255
83256,83256
83257,83257
83259,83259
83261,83261
83262,83262
83265,83265
83266,83266
83267,83267
83268,83268
83269,83269
83270,83270
83271,83271
83272,83272
83273,83273
83274,83274
83275,83275
83277,83277
83278,83278
83279,83279
83280,83280
83281,83281
83283,83283
83285,83285
83286,83286
83287,83287
83288,83288
83289,83289
83290,83290
83291,83291
83292,83292
83294,83294
83295,83295
83296,83296
83298,83298
83300,83300
83301,83301
83302,83302
83304,83304
83306,83306
83308,83308
83309,83309
83310,83310
83311,83311
83312,83312
83313,83313
83314,83314
83315,83315
83319,83319
83320,83320
83321,83321
83322,83322
83323,83323
83325,83325
83326,83326
83327,83327
83328,83328
83329,83329
83330,83330
83331,83331
83333,83333
83335,83335
83336,83336
83337,83337
83338,83338
83339,83339
83340,83340
83341,83341
83342,83342
83343,83343
83344,83344
83345,83345
83346,83346
83348,83348
83351,83351
83352,83352
83353,83353
83354,83354
83355,83355
83356,83356
83357,83357
83359,83359
83360,83360
83361,83361
83363,83363
83367,83367
83369,83369
83370,83370
83371,83371
83372,83372
83373,83373
83374,83374
83377,83377
83378,83378
83380,83380
83381,83381
83382,83382
83383,83383
83386,83386
83387,83387
83389,83389
83390,83390
83391,83391
83392,83392
83393,83393
83394,83394
83395,83395
83398,83398
83400,83400
83401,83401
83402,83402
83404,83404
83407,83407
83408,83408
83409,83409
83410,83410
83411,83411
83412,83412
83413,83413
83415,83415
83416,83416
83418,83418
83420,83420
83421,83421
83423,83423
83425,83425
83427,83427
83428,83428
83429,83429
83430,83430
83433,83433
83435,83435
83436,83436
83437,83437
83438,83438
83440,83440
83441,83441
83442,83442
83443,83443
83444,83444
83445,83445
83446,83446
83448,83448
83449,83449
83451,83451
83452,83452
83453,83453
83455,83455
83458,83458
83459,83459
83460,83460
83461,83461
83462,83462
83464,83464
83466,83466
83468,83468
83469,83469
83470,83470
83471,83471
83472,83472
83473,83473
83474,83474
83475,83475
83477,83477
83478,83478
83479,83479
83481,83481
83483,83483
83484,83484
83485,83485
83487,83487
83488,83488
83489,83489
83490,83490
83491,83491
83492,83492
83493,83493
83494,83494
83495,83495
83496,83496
83498,83498
83499,83499
83500,83500
83501,83501
83502,83502
83503,83503
83504,83504
83506,83506
83508,83508
83509,83509
83510,83510
83511,83511
83512,83512
83513,83513
83514,83514
83516,83516
83517,83517
83518,83518
83520,83520
83521,83521
83522,83522
83523,83523
83524,83524
83525,83525
83526,83526
83527,83527
83528,83528
83529,83529
83532,83532
83533,83533
83534,83534
83535,83535
83537,83537
83539,83539
83540,83540
83541,83541
83543,83543
83545,83545
83546,83546
83549,83549
83550,83550
83551,83551
83552,83552
83553,83553
83554,83554
83558,83558
83560,83560
83561,83561
83562,83562
83564,83564
83565,83565
83566,83566
83567,83567
83568,83568
83569,83569
83570,83570
83571,83571
83572,83572
83573,83573
83575,83575
83576,83576
83577,83577
83578,83578
83583,83583
83584,83584
83585,83585
83586,83586
83587,83587
83588,83588
83590,83590
83592,83592
83593,83593
83594,83594
83595,83595
83597,83597
83599,83599
83600,83600
83601,83601
83602,83602
83603,83603
83604,83604
83605,83605
83606,83606
83608,83608
83609,83609
83610,83610
83611,83611
83612,83612
83613,83613
83614,83614
83616,83616
83617,83617
83618,83618
83619,83619
83620,83620
83621,83621
83623,83623
83624,83624
83625,83625
83628,83628
83629,83629
83630,83630
83631,83631
83632,83632
83633,83633
83634,83634
83635,83635
83636,83636
83637,83637
83638,83638
83639,83639
83640,83640
83642,83642
83643,83643
83644,83644
83645,83645
83647,83647
83648,83648
83649,83649
83650,83650
83652,83652
83653,83653
83654,83654
83656,83656
83658,83658
83659,83659
83660,83660
83665,83665
83666,83666
83667,83667
83668,83668
83669,83669
83670,83670
83671,83671
83674,83674
83675,83675
83676,83676
83677,83677
83679,83679
83680,83680
83681,83681
83682,83682
83683,83683
83684,83684
83685,83685
83687,83687
83688,83688
83690,83690
83691,83691
83693,83693
83695,83695
83696,83696
83697,83697
83698,83698
83700,83700
83701,83701
83703,83703
83704,83704
83705,83705
83708,83708
83709,83709
83710,83710
83711,83711
83712,83712
83714,83714
83716,83716
83717,83717
83718,83718
83719,83719
83720,83720
83723,83723
83724,83724
83725,83725
83727,83727
83729,83729
83730,83730
83731,83731
83732,83732
83733,83733
83734,83734
83735,83735
83736,83736
83738,83738
83739,83739
83740,83740
83741,83741
83742,83742
83743,83743
83744,83744
83745,83745
83746,83746
83747,83747
83748,83748
83749,83749
83752,83752
83753,83753
83754,83754
83755,83755
83756,83756
83757,83757
83758,83758
83759,83759
83760,83760
83761,83761
83762,83762
83763,83763
83764,83764
83766,83766
83767,83767
83769,83769
83770,83770
83773,83773
83774,83774
83775,83775
83776,83776
83777,83777
83779,83779
83780,83780
83781,83781
83782,83782
83783,83783
83784,83784
83785,83785
83786,83786
83787,83787
83788,83788
83794,83794
83795,83795
83796,83796
83797,83797
83799,83799
83800,83800
83801,83801
83804,83804
83805,83805
83807,83807
83808,83808
83810,83810
83811,83811
83813,83813
83815,83815
83816,83816
83817,83817
83818,83818
83821,83821
83823,83823
83826,83826
83827,83827
83828,83828
83830,83830
83832,83832
83833,83833
83835,83835
83836,83836
83837,83837
83838,83838
83839,83839
83840,83840
83841,83841
83843,83843
83844,83844
83846,83846
83847,83847
83848,83848
83850,83850
83851,83851
83852,83852
83853,83853
83855,83855
83856,83856
83857,83857
83858,83858
83861,83861
83862,83862
83863,83863
83865,83865
83867,83867
83869,83869
83870,83870
83871,83871
83872,83872
83873,83873
83874,83874
83875,83875
83876,83876
83877,83877
83879,83879
83881,83881
83882,83882
83883,83883
83884,83884
83887,83887
83888,83888
83889,83889
83891,83891
83892,83892
83894,83894
83895,83895
83897,83897
83898,83898
83899,83899
83900,83900
83901,83901
83902,83902
83903,83903
83904,83904
83905,83905
83906,83906
83907,83907
83908,83908
83909,83909
83910,83910
83911,83911
83912,83912
83913,83913
83915,83915
83918,83918
83919,83919
83921,83921
83922,83922
83923,83923
83924,83924
83925,83925
83926,83926
83927,83927
83928,83928
83930,83930
83932,83932
83933,83933
83934,83934
83935,83935
83936,83936
83937,83937
83938,83938
83939,83939
83940,83940
83942,83942
83943,83943
83944,83944
83946,83946
83947,83947
83948,83948
83949,83949
83950,83950
83951,83951
83952,83952
83953,83953
83954,83954
83955,83955
83956,83956
83957,83957
83958,83958
83959,83959
83960,83960
83961,83961
83962,83962
83963,83963
83964,83964
83965,83965
83967,83967
83969,83969
83970,83970
83971,83971
83974,83974
83975,83975
83977,83977
83978,83978
83982,83982
83983,83983
83988,83988
83989,83989
83990,83990
83991,83991
83992,83992
83993,83993
83994,83994
83995,83995
83996,83996
83997,83997
83998,83998
83999,83999
84000,84000
84001,84001
84002,84002
84003,84003
84004,84004
84005,84005
84007,84007
84008,84008
84009,84009
84010,84010
84011,84011
84012,84012
84013,84013
84014,84014
84016,84016
84017,84017
84019,84019
84020,84020
84021,84021
84022,84022
84023,84023
84024,84024
84025,84025
84026,84026
84028,84028
84030,84030
84031,84031
84032,84032
84033,84033
84035,84035
84036,84036
84038,84038
84039,84039
84041,84041
84042,84042
84043,84043
84044,84044
84045,84045
84046,84046
84047,84047
84048,84048
84052,84052
84053,84053
84055,84055
84056,84056
84057,84057
84058,84058
84060,84060
84061,84061
84062,84062
84064,84064
84065,84065
84066,84066
84067,84067
84068,84068
84069,84069
84070,84070
84071,84071
84072,84072
84073,84073
84074,84074
84075,84075
84076,84076
84077,84077
84078,84078
84079,84079
84080,84080
84081,84081
84082,84082
84084,84084
84085,84085
84086,84086
84087,84087
84088,84088
84089,84089
84090,84090
84092,84092
84093,84093
84095,84095
84096,84096
84098,84098
84100,84100
84101,84101
84102,84102
84103,84103
84104,84104
84107,84107
84108,84108
84109,84109
84110,84110
84114,84114
84115,84115
84116,84116
84117,84117
84118,84118
84121,84121
84122,84122
84123,84123
84124,84124
84125,84125
84126,84126
84127,84127
84128,84128
84129,84129
84130,84130
84133,84133
84134,84134
84135,84135
84136,84136
84138,84138
84139,84139
84140,84140
84141,84141
84142,84142
84145,84145
84146,84146
84147,84147
84148,84148
84149,84149
84150,84150
84151,84151
84152,84152
84153,84153
84154,84154
84155,84155
84156,84156
84157,84157
84158,84158
84159,84159
84160,84160
84161,84161
84162,84162
84164,84164
84165,84165
84167,84167
84168,84168
84169,84169
84170,84170
84172,84172
84173,84173
84174,84174
84175,84175
84176,84176
84177,84177
84178,84178
84180,84180
84181,84181
84182,84182
84183,84183
84184,84184
84185,84185
84186,84186
84187,84187
84188,84188
84189,84189
84190,84190
84191,84191
84192,84192
84193,84193
84194,84194
84195,84195
84196,84196
84197,84197
84198,84198
84199,84199
84200,84200
84201,84201
84202,84202
84203,84203
84204,84204
84205,84205
84206,84206
84207,84207
84208,84208
84210,84210
84211,84211
84212,84212
84214,84214
84215,84215
84216,84216
84219,84219
84220,84220
84221,84221
84222,84222
84223,84223
84224,84224
84225,84225
84226,84226
84227,84227
84228,84228
84229,84229
84230,84230
84231,84231
84232,84232
84234,84234
84235,84235
84240,84240
84241,84241
84242,84242
84243,84243
84244,84244
84246,84246
84247,84247
84248,84248
84250,84250
84252,84252
84253,84253
84254,84254
84255,84255
84256,84256
84258,84258
84260,84260
84261,84261
84262,84262
84264,84264
84265,84265
84266,84266
84268,84268
84269,84269
84270,84270
84271,84271
84272,84272
84273,84273
84275,84275
84276,84276
84277,84277
84278,84278
84279,84279
84280,84280
84281,84281
84282,84282
84283,84283
84284,84284
84286,84286
84287,84287
84289,84289
84291,84291
84292,84292
84294,84294
84295,84295
84296,84296
84297,84297
84299,84299
84300,84300
84301,84301
84302,84302
84303,84303
84304,84304
84305,84305
84306,84306
84308,84308
84310,84310
84311,84311
84312,84312
84314,84314
84315,84315
84317,84317
84318,84318
84319,84319
84320,84320
84321,84321
84322,84322
84324,84324
84325,84325
84326,84326
84327,84327
84331,84331
84332,84332
84333,84333
84334,84334
84336,84336
84337,84337
84339,84339
84340,84340
84341,84341
84342,84342
84343,84343
84344,84344
84345,84345
84346,84346
84347,84347
84348,84348
84349,84349
84351,84351
84352,84352
84353,84353
84354,84354
84355,84355
84357,84357
84358,84358
84359,84359
84360,84360
84361,84361
84362,84362
84363,84363
84365,84365
84366,84366
84367,84367
84369,84369
84370,84370
84371,84371
84372,84372
84373,84373
84374,84374
84376,84376
84377,84377
84378,84378
84379,84379
84380,84380
84382,84382
84383,84383
84385,84385
84386,84386
84387,84387
84388,84388
84389,84389
84390,84390
84391,84391
84392,84392
84394,84394
84395,84395
84396,84396
84397,84397
84398,84398
84399,84399
84401,84401
84402,84402
84404,84404
84405,84405
84406,84406
84408,84408
84412,84412
84413,84413
84414,84414
84415,84415
84416,84416
84417,84417
84418,84418
84419,84419
84420,84420
84421,84421
84422,84422
84424,84424
84425,84425
84429,84429
84430,84430
84431,84431
84432,84432
84433,84433
84434,84434
84435,84435
84436,84436
84437,84437
84438,84438
84439,84439
84441,84441
84443,84443
84444,84444
84445,84445
84446,84446
84447,84447
84448,84448
84449,84449
84451,84451
84452,84452
84453,84453
84454,84454
84455,84455
84456,84456
84457,84457
84460,84460
84461,84461
84462,84462
84463,84463
84465,84465
84467,84467
84468,84468
84469,84469
84470,84470
84471,84471
84472,84472
84473,84473
84474,84474
84476,84476
84478,84478
84479,84479
84480,84480
84481,84481
84482,84482
84483,84483
84484,84484
84485,84485
84487,84487
84490,84490
84491,84491
84493,84493
84494,84494
84495,84495
84498,84498
84499,84499
84500,84500
84501,84501
84502,84502
84503,84503
84504,84504
84505,84505
84506,84506
84508,84508
84509,84509
84510,84510
84512,84512
84514,84514
84515,84515
84516,84516
84517,84517
84519,84519
84520,84520
84521,84521
84522,84522
84523,84523
84524,84524
84525,84525
84527,84527
84528,84528
84529,84529
84530,84530
84531,84531
84532,84532
84533,84533
84534,84534
84535,84535
84538,84538
84539,84539
84540,84540
84541,84541
84542,84542
84543,84543
84544,84544
84545,84545
84546,84546
84548,84548
84549,84549
84551,84551
84553,84553
84554,84554
84555,84555
84556,84556
84557,84557
84558,84558
84559,84559
84561,84561
84562,84562
84564,84564
84565,84565
84566,84566
84567,84567
84569,84569
84570,84570
84571,84571
84573,84573
84575,84575
84576,84576
84577,84577
84578,84578
84579,84579
84580,84580
84582,84582
84583,84583
84586,84586
84587,84587
84588,84588
84589,84589
84590,84590
84591,84591
84592,84592
84594,84594
84595,84595
84596,84596
84597,84597
84599,84599
84601,84601
84603,84603
84604,84604
84605,84605
84606,84606
84607,84607
84608,84608
84609,84609
84610,84610
84611,84611
84612,84612
84613,84613
84614,84614
84615,84615
84616,84616
84617,84617
84618,84618
84620,84620
84621,84621
84622,84622
84623,84623
84624,84624
84625,84625
84626,84626
84627,84627
84629,84629
84630,84630
84631,84631
84632,84632
84633,84633
84634,84634
84635,84635
84636,84636
84639,84639
84640,84640
84641,84641
84642,84642
84643,84643
84644,84644
84645,84645
84646,84646
84650,84650
84651,84651
84652,84652
84653,84653
84654,84654
84655,84655
84656,84656
84657,84657
84658,84658
84659,84659
84661,84661
84663,84663
84664,84664
84666,84666
84668,84668
84670,84670
84671,84671
84672,84672
84674,84674
84675,84675
84676,84676
84677,84677
84680,84680
84682,84682
84683,84683
84684,84684
84685,84685
84686,84686
84687,84687
84689,84689
84690,84690
84692,84692
84693,84693
84694,84694
84695,84695
84697,84697
84698,84698
84699,84699
84700,84700
84701,84701
84702,84702
84703,84703
84706,84706
84707,84707
84708,84708
84709,84709
84710,84710
84711,84711
84712,84712
84713,84713
84715,84715
84716,84716
84717,84717
84718,84718
84719,84719
84720,84720
84721,84721
84722,84722
84724,84724
84725,84725
84726,84726
84727,84727
84729,84729
84730,84730
84732,84732
84733,84733
84735,84735
84736,84736
84737,84737
84738,84738
84740,84740
84742,84742
84743,84743
84744,84744
84746,84746
84747,84747
84748,84748
84749,84749
84750,84750
84751,84751
84753,84753
84754,84754
84755,84755
84756,84756
84757,84757
84758,84758
84761,84761
84762,84762
84763,84763
84764,84764
84765,84765
84766,84766
84767,84767
84768,84768
84769,84769
84771,84771
84772,84772
84773,84773
84774,84774
84775,84775
84776,84776
84777,84777
84778,84778
84779,84779
84780,84780
84781,84781
84782,84782
84783,84783
84784,84784
84786,84786
84787,84787
84788,84788
84789,84789
84790,84790
84791,84791
84792,84792
84793,84793
84794,84794
84795,84795
84796,84796
84797,84797
84798,84798
84799,84799
84800,84800
84801,84801
84804,84804
84805,84805
84806,84806
84807,84807
84808,84808
84809,84809
84810,84810
84811,84811
84813,84813
84814,84814
84815,84815
84816,84816
84817,84817
84819,84819
84820,84820
84821,84821
84822,84822
84823,84823
84825,84825
84826,84826
84827,84827
84828,84828
84830,84830
84831,84831
84832,84832
84833,84833
84835,84835
84836,84836
84837,84837
84838,84838
84839,84839
84840,84840
84842,84842
84843,84843
84844,84844
84845,84845
84846,84846
84847,84847
84848,84848
84851,84851
84852,84852
84853,84853
84854,84854
84855,84855
84857,84857
84858,84858
84859,84859
84863,84863
84864,84864
84866,84866
84867,84867
84868,84868
84869,84869
84870,84870
84871,84871
84872,84872
84873,84873
84874,84874
84875,84875
84876,84876
84877,84877
84878,84878
84879,84879
84880,84880
84882,84882
84883,84883
84884,84884
84886,84886
84887,84887
84888,84888
84889,84889
84890,84890
84891,84891
84892,84892
84893,84893
84894,84894
84896,84896
84898,84898
84899,84899
84900,84900
84901,84901
84902,84902
84903,84903
84904,84904
84905,84905
84906,84906
84907,84907
84909,84909
84910,84910
84911,84911
84913,84913
84915,84915
84916,84916
84917,84917
84918,84918
84919,84919
84920,84920
84921,84921
84922,84922
84923,84923
84924,84924
84925,84925
84926,84926
84928,84928
84929,84929
84930,84930
84931,84931
84932,84932
84933,84933
84934,84934
84935,84935
84936,84936
84937,84937
84939,84939
84940,84940
84941,84941
84942,84942
84943,84943
84944,84944
84947,84947
84948,84948
84949,84949
84950,84950
84951,84951
84952,84952
84953,84953
84954,84954
84956,84956
84957,84957
84958,84958
84959,84959
84961,84961
84962,84962
84963,84963
84964,84964
84965,84965
84966,84966
84967,84967
84968,84968
84970,84970
84971,84971
84972,84972
84973,84973
84974,84974
84975,84975
84976,84976
84979,84979
84980,84980
84981,84981
84983,84983
84984,84984
84985,84985
84986,84986
84987,84987
84988,84988
84989,84989
84991,84991
84992,84992
84993,84993
84994,84994
84995,84995
84996,84996
84997,84997
84998,84998
84999,84999
85000,85000
85001,85001
85002,85002
85004,85004
85005,85005
85007,85007
85008,85008
85009,85009
85011,85011
85012,85012
85014,85014
85016,85016
85017,85017
85018,85018
85019,85019
85020,85020
85021,85021
85022,85022
85024,85024
85025,85025
85026,85026
85027,85027
85028,85028
85029,85029
85030,85030
85031,85031
85032,85032
85033,85033
85034,85034
85035,85035
85039,85039
85040,85040
85043,85043
85044,85044
85047,85047
85049,85049
85050,85050
85052,85052
85053,85053
85054,85054
85055,85055
85056,85056
85057,85057
85059,85059
85061,85061
85062,85062
85063,85063
85064,85064
85065,85065
85066,85066
85067,85067
85069,85069
85071,85071
85072,85072
85074,85074
85075,85075
85076,85076
85078,85078
85079,85079
85080,85080
85081,85081
85082,85082
85083,85083
85084,85084
85085,85085
85086,85086
85087,85087
85088,85088
85089,85089
85091,85091
85092,85092
85094,85094
85095,85095
85096,85096
85097,85097
85098,85098
85099,85099
85100,85100
85102,85102
85103,85103
85106,85106
85109,85109
85110,85110
85111,85111
85112,85112
85113,85113
85114,85114
85115,85115
85116,85116
85118,85118
85119,85119
85120,85120
85121,85121
85122,85122
85124,85124
85126,85126
85127,85127
85128,85128
85129,85129
85130,85130
85131,85131
85132,85132
85134,85134
85135,85135
85136,85136
85137,85137
85140,85140
85141,85141
85143,85143
85144,85144
85146,85146
85147,85147
85150,85150
85152,85152
85153,85153
85154,85154
85155,85155
85156,85156
85157,85157
85158,85158
85159,85159
85160,85160
85161,85161
85162,85162
85163,85163
85164,85164
85166,85166
85169,85169
85171,85171
85172,85172
85173,85173
85174,85174
85175,85175
85176,85176
85177,85177
85178,85178
85179,85179
85180,85180
85181,85181
85183,85183
85185,85185
85186,85186
85187,85187
85188,85188
85189,85189
85190,85190
85191,85191
85192,85192
85193,85193
85194,85194
85195,85195
85196,85196
85197,85197
85199,85199
85200,85200
85201,85201
85202,85202
85203,85203
85204,85204
85205,85205
85206,85206
85208,85208
85210,85210
85211,85211
85213,85213
85215,85215
85216,85216
85217,85217
85218,85218
85220,85220
85221,85221
85222,85222
85223,85223
85224,85224
85225,85225
85226,85226
85227,85227
85228,85228
85229,85229
85230,85230
85231,85231
85232,85232
85234,85234
85236,85236
85237,85237
85238,85238
85239,85239
85240,85240
85241,85241
85243,85243
85245,85245
85246,85246
85247,85247
85248,85248
85250,85250
85251,85251
85253,85253
85254,85254
85256,85256
85257,85257
85258,85258
85259,85259
85260,85260
85261,85261
85262,85262
85263,85263
85264,85264
85265,85265
85266,85266
85268,85268
85269,85269
85271,85271
85273,85273
85274,85274
85275,85275
85277,85277
85278,85278
85279,85279
85280,85280
85281,85281
85282,85282
85284,85284
85286,85286
85287,85287
85288,85288
85289,85289
85290,85290
85291,85291
85292,85292
85293,85293
85294,85294
85295,85295
85296,85296
85297,85297
85298,85298
85300,85300
85301,85301
85303,85303
85304,85304
85306,85306
85307,85307
85308,85308
85309,85309
85310,85310
85311,85311
85312,85312
85313,85313
85314,85314
85315,85315
85316,85316
85317,85317
85318,85318
85320,85320
85321,85321
85322,85322
85323,85323
85325,85325
85326,85326
85327,85327
85328,85328
85329,85329
85330,85330
85331,85331
85332,85332
85333,85333
85334,85334
85335,85335
85336,85336
85337,85337
85339,85339
85341,85341
85343,85343
85344,85344
85345,85345
85346,85346
85347,85347
85348,85348
85349,85349
85350,85350
85353,85353
85354,85354
85355,85355
85356,85356
85357,85357
85358,85358
85359,85359
85360,85360
85361,85361
85362,85362
85363,85363
85364,85364
85365,85365
85366,85366
85367,85367
85368,85368
85369,85369
85370,85370
85371,85371
85372,85372
85373,85373
85374,85374
85376,85376
85377,85377
85378,85378
85379,85379
85381,85381
85382,85382
85383,85383
85384,85384
85385,85385
85386,85386
85387,85387
85388,85388
85390,85390
85391,85391
85392,85392
85393,85393
85396,85396
85397,85397
85398,85398
85399,85399
85401,85401
85402,85402
85403,85403
85405,85405
85406,85406
85407,85407
85408,85408
85409,85409
85410,85410
85411,85411
85412,85412
85413,85413
85415,85415
85416,85416
85417,85417
85418,85418
85419,85419
85420,85420
85421,85421
85422,85422
85425,85425
85426,85426
85428,85428
85429,85429
85430,85430
85431,85431
85434,85434
85436,85436
85437,85437
85439,85439
85440,85440
85442,85442
85443,85443
85444,85444
85445,85445
85446,85446
85447,85447
85448,85448
85449,85449
85450,85450
85451,85451
85454,85454
85455,85455
85456,85456
85457,85457
85458,85458
85459,85459
85460,85460
85461,85461
85462,85462
85463,85463
85464,85464
85465,85465
85466,85466
85467,85467
85468,85468
85469,85469
85471,85471
85474,85474
85478,85478
85479,85479
85480,85480
85482,85482
85483,85483
85484,85484
85485,85485
85486,85486
85487,85487
85489,85489
85490,85490
85491,85491
85492,85492
85494,85494
85495,85495
85497,85497
85499,85499
85500,85500
85501,85501
85503,85503
85505,85505
85506,85506
85507,85507
85508,85508
85509,85509
85511,85511
85512,85512
85513,85513
85514,85514
85516,85516
85517,85517
85519,85519
85520,85520
85522,85522
85524,85524
85525,85525
85526,85526
85527,85527
85528,85528
85530,85530
85531,85531
85532,85532
85533,85533
85534,85534
85536,85536
85537,85537
85538,85538
85539,85539
85541,85541
85542,85542
85543,85543
85544,85544
85545,85545
85546,85546
85547,85547
85549,85549
85550,85550
85551,85551
85552,85552
85553,85553
85554,85554
85555,85555
85556,85556
85557,85557
85558,85558
85559,85559
85560,85560
85561,85561
85562,85562
85565,85565
85566,85566
85567,85567
85568,85568
85569,85569
85570,85570
85572,85572
85573,85573
85574,85574
85575,85575
85576,85576
85577,85577
85578,85578
85580,85580
85581,85581
85582,85582
85583,85583
85585,85585
85586,85586
85587,85587
85589,85589
85590,85590
85591,85591
85592,85592
85593,85593
85594,85594
85595,85595
85596,85596
85597,85597
85598,85598
85600,85600
85601,85601
85603,85603
85604,85604
85605,85605
85607,85607
85609,85609
85610,85610
85611,85611
85613,85613
85615,85615
85616,85616
85618,85618
85619,85619
85622,85622
85623,85623
85624,85624
85625,85625
85626,85626
85628,85628
85629,85629
85631,85631
85632,85632
85633,85633
85634,85634
85635,85635
85636,85636
85637,85637
85641,85641
85642,85642
85643,85643
85645,85645
85646,85646
85649,85649
85650,85650
85652,85652
85653,85653
85654,85654
85655,85655
85656,85656
85658,85658
85660,85660
85661,85661
85663,85663
85664,85664
85666,85666
85667,85667
85668,85668
85669,85669
85670,85670
85672,85672
85673,85673
85674,85674
85675,85675
85676,85676
85677,85677
85678,85678
85679,85679
85680,85680
85681,85681
85683,85683
85686,85686
85689,85689
85691,85691
85692,85692
85693,85693
85694,85694
85696,85696
85697,85697
85698,85698
85700,85700
85701,85701
85702,85702
85703,85703
85704,85704
85705,85705
85706,85706
85707,85707
85708,85708
85709,85709
85710,85710
85711,85711
85712,85712
85713,85713
85714,85714
85715,85715
85717,85717
85718,85718
85719,85719
85720,85720
85721,85721
85722,85722
85723,85723
85727,85727
85728,85728
85729,85729
85730,85730
85731,85731
85732,85732
85735,85735
85737,85737
85739,85739
85740,85740
85741,85741
85742,85742
85743,85743
85746,85746
85747,85747
85748,85748
85749,85749
85751,85751
85752,85752
85753,85753
85754,85754
85756,85756
85757,85757
85758,85758
85759,85759
85760,85760
85762,85762
85763,85763
85764,85764
85765,85765
85766,85766
85767,85767
85768,85768
85769,85769
85770,85770
85772,85772
85773,85773
85774,85774
85775,85775
85776,85776
85777,85777
85779,85779
85781,85781
85782,85782
85783,85783
85784,85784
85786,85786
85787,85787
85788,85788
85789,85789
85790,85790
85791,85791
85792,85792
85793,85793
85794,85794
85795,85795
85796,85796
85797,85797
85799,85799
85802,85802
85803,85803
85804,85804
85805,85805
85806,85806
85807,85807
85808,85808
85809,85809
85810,85810
85812,85812
85813,85813
85814,85814
85815,85815
85816,85816
85817,85817
85818,85818
85820,85820
85821,85821
85823,85823
85824,85824
85825,85825
85826,85826
85827,85827
85829,85829
85830,85830
85831,85831
85832,85832
85833,85833
85834,85834
85836,85836
85837,85837
85839,85839
85841,85841
85842,85842
85843,85843
85844,85844
85845,85845
85846,85846
85847,85847
85848,85848
85850,85850
85852,85852
85853,85853
85854,85854
85856,85856
85857,85857
85858,85858
85860,85860
85862,85862
85864,85864
85865,85865
85866,85866
85867,85867
85868,85868
85870,85870
85871,85871
85872,85872
85873,85873
85874,85874
85875,85875
85876,85876
85877,85877
85878,85878
85880,85880
85883,85883
85884,85884
85886,85886
85887,85887
85888,85888
85890,85890
85891,85891
85892,85892
85893,85893
85894,85894
85897,85897
85898,85898
85899,85899
85900,85900
85901,85901
85902,85902
85903,85903
85904,85904
85905,85905
85913,85913
85914,85914
85915,85915
85916,85916
85917,85917
85919,85919
85921,85921
85922,85922
85923,85923
85924,85924
85925,85925
85926,85926
85928,85928
85929,85929
85930,85930
85931,85931
85932,85932
85933,85933
85934,85934
85935,85935
85936,85936
85937,85937
85938,85938
85939,85939
85940,85940
85941,85941
85942,85942
85943,85943
85944,85944
85946,85946
85947,85947
85949,85949
85952,85952
85953,85953
85954,85954
85955,85955
85957,85957
85958,85958
85961,85961
85962,85962
85963,85963
85964,85964
85965,85965
85966,85966
85967,85967
85969,85969
85971,85971
85972,85972
85974,85974
85975,85975
85976,85976
85978,85978
85979,85979
85980,85980
85981,85981
85982,85982
85984,85984
85985,85985
85986,85986
85987,85987
85988,85988
85989,85989
85990,85990
85991,85991
85992,85992
85993,85993
85995,85995
85996,85996
85997,85997
85998,85998
85999,85999
86000,86000
86001,86001
86002,86002
86003,86003
86004,86004
86006,86006
86007,86007
86008,86008
86009,86009
86011,86011
86012,86012
86013,86013
86016,86016
86018,86018
86020,86020
86021,86021
86022,86022
86023,86023
86025,86025
86026,86026
86027,86027
86028,86028
86030,86030
86031,86031
86033,86033
86034,86034
86035,86035
86036,86036
86038,86038
86039,86039
86040,86040
86041,86041
86042,86042
86044,86044
86045,86045
86047,86047
86048,86048
86049,86049
86050,86050
86051,86051
86052,86052
86053,86053
86054,86054
86056,86056
86057,86057
86058,86058
86059,86059
86061,86061
86062,86062
86063,86063
86064,86064
86065,86065
86066,86066
86067,86067
86068,86068
86069,86069
86070,86070
86072,86072
86073,86073
86074,86074
86075,86075
86076,86076
86077,86077
86078,86078
86079,86079
86080,86080
86081,86081
86082,86082
86083,86083
86085,86085
86086,86086
86087,86087
86088,86088
86089,86089
86090,86090
86091,86091
86092,86092
86093,86093
86094,86094
86095,86095
86096,86096
86097,86097
86098,86098
86099,86099
86100,86100
86101,86101
86102,86102
86103,86103
86104,86104
86105,86105
86106,86106
86107,86107
86108,86108
86110,86110
86111,86111
86112,86112
86113,86113
86114,86114
86115,86115
86116,86116
86117,86117
86118,86118
86119,86119
86120,86120
86122,86122
86123,86123
86124,86124
86125,86125
86126,86126
86127,86127
86128,86128
86129,86129
86130,86130
86131,86131
86133,86133
86134,86134
86135,86135
86136,86136
86137,86137
86138,86138
86139,86139
86140,86140
86141,86141
86145,86145
86147,86147
86148,86148
86149,86149
86150,86150
86151,86151
86152,86152
86153,86153
86154,86154
86155,86155
86156,86156
86157,86157
86158,86158
86161,86161
86162,86162
86165,86165
86166,86166
86167,86167
86168,86168
86169,86169
86170,86170
86173,86173
86174,86174
86175,86175
86176,86176
86177,86177
86180,86180
86183,86183
86184,86184
86185,86185
86186,86186
86188,86188
86189,86189
86190,86190
86191,86191
86192,86192
86193,86193
86194,86194
86195,86195
86196,86196
86197,86197
86198,86198
86199,86199
86201,86201
86204,86204
86205,86205
86206,86206
86207,86207
86209,86209
86210,86210
86211,86211
86212,86212
86214,86214
86215,86215
86216,86216
86217,86217
86219,86219
86220,86220
86221,86221
86223,86223
86224,86224
86225,86225
86226,86226
86227,86227
86228,86228
86229,86229
86230,86230
86231,86231
86232,86232
86233,86233
86234,86234
86235,86235
86236,86236
86237,86237
86239,86239
86241,86241
86242,86242
86243,86243
86244,86244
86245,86245
86246,86246
86247,86247
86251,86251
86253,86253
86254,86254
86255,86255
86256,86256
86257,86257
86258,86258
86259,86259
86260,86260
86261,86261
86262,86262
86263,86263
86264,86264
86265,86265
86266,86266
86267,86267
86268,86268
86269,86269
86270,86270
86271,86271
86272,86272
86274,86274
86276,86276
86277,86277
86278,86278
86279,86279
86280,86280
86281,86281
86282,86282
86283,86283
86284,86284
86285,86285
86286,86286
86287,86287
86289,86289
86290,86290
86291,86291
86292,86292
86293,86293
86295,86295
86297,86297
86298,86298
86299,86299
86300,86300
86301,86301
86302,86302
86304,86304
86305,86305
86306,86306
86307,86307
86308,86308
86309,86309
86310,86310
86312,86312
86313,86313
86315,86315
86316,86316
86317,86317
86318,86318
86319,86319
86320,86320
86321,86321
86322,86322
86323,86323
86324,86324
86325,86325
86327,86327
86328,86328
86329,86329
86330,86330
86331,86331
86334,86334
86337,86337
86338,86338
86339,86339
86340,86340
86341,86341
86342,86342
86343,86343
86344,86344
86345,86345
86347,86347
86349,86349
86350,86350
86351,86351
86352,86352
86353,86353
86354,86354
86355,86355
86356,86356
86358,86358
86359,86359
86360,86360
86363,86363
86365,86365
86366,86366
86367,86367
86368,86368
86369,86369
86370,86370
86372,86372
86373,86373
86374,86374
86375,86375
86376,86376
86377,86377
86378,86378
86379,86379
86380,86380
86382,86382
86383,86383
86384,86384
86385,86385
86387,86387
86388,86388
86389,86389
86390,86390
86391,86391
86393,86393
86394,86394
86395,86395
86396,86396
86397,86397
86398,86398
86400,86400
86402,86402
86403,86403
86406,86406
86407,86407
86408,86408
86409,86409
86410,86410
86412,86412
86413,86413
86414,86414
86415,86415
86416,86416
86417,86417
86419,86419
86420,86420
86421,86421
86422,86422
86423,86423
86424,86424
86425,86425
86426,86426
86427,86427
86428,86428
86429,86429
86430,86430
86432,86432
86433,86433
86434,86434
86435,86435
86436,86436
86437,86437
86438,86438
86439,86439
86440,86440
86441,86441
86442,86442
86443,86443
86444,86444
86445,86445
86446,86446
86448,86448
86450,86450
86451,86451
86452,86452
86453,86453
86454,86454
86456,86456
86457,86457
86459,86459
86461,86461
86462,86462
86463,86463
86464,86464
86465,86465
86466,86466
86469,86469
86470,86470
86471,86471
86472,86472
86473,86473
86474,86474
86475,86475
86476,86476
86477,86477
86478,86478
86479,86479
86480,86480
86481,86481
86482,86482
86484,86484
86485,86485
86486,86486
86487,86487
86488,86488
86489,86489
86490,86490
86491,86491
86493,86493
86494,86494
86495,86495
86496,86496
86497,86497
86499,86499
86500,86500
86501,86501
86503,86503
86504,86504
86505,86505
86506,86506
86507,86507
86508,86508
86509,86509
86510,86510
86511,86511
86512,86512
86513,86513
86514,86514
86516,86516
86517,86517
86518,86518
86519,86519
86521,86521
86522,86522
86524,86524
86525,86525
86526,86526
86527,86527
86528,86528
86529,86529
86530,86530
86531,86531
86532,86532
86533,86533
86534,86534
86535,86535
86537,86537
86539,86539
86540,86540
86541,86541
86542,86542
86543,86543
86545,86545
86546,86546
86547,86547
86549,86549
86550,86550
86551,86551
86552,86552
86555,86555
86556,86556
86557,86557
86558,86558
86559,86559
86560,86560
86561,86561
86562,86562
86563,86563
86564,86564
86565,86565
86566,86566
86567,86567
86569,86569
86571,86571
86573,86573
86574,86574
86576,86576
86577,86577
86578,86578
86579,86579
86580,86580
86582,86582
86583,86583
86586,86586
86587,86587
86588,86588
86589,86589
86590,86590
86591,86591
86592,86592
86593,86593
86595,86595
86596,86596
86599,86599
86600,86600
86602,86602
86604,86604
86605,86605
86606,86606
86607,86607
86608,86608
86609,86609
86610,86610
86611,86611
86612,86612
86613,86613
86614,86614
86615,86615
86616,86616
86617,86617
86618,86618
86619,86619
86620,86620
86621,86621
86624,86624
86625,86625
86626,86626
86627,86627
86628,86628
86629,86629
86630,86630
86631,86631
86632,86632
86633,86633
86634,86634
86635,86635
86636,86636
86637,86637
86638,86638
86639,86639
86640,86640
86641,86641
86642,86642
86643,86643
86644,86644
86645,86645
86646,86646
86647,86647
86649,86649
86651,86651
86652,86652
86653,86653
86654,86654
86655,86655
86656,86656
86657,86657
86658,86658
86659,86659
86660,86660
86661,86661
86662,86662
86663,86663
86664,86664
86665,86665
86666,86666
86668,86668
86669,86669
86670,86670
86671,86671
86672,86672
86673,86673
86674,86674
86675,86675
86676,86676
86677,86677
86678,86678
86679,86679
86680,86680
86682,86682
86684,86684
86685,86685
86687,86687
86688,86688
86690,86690
86691,86691
86692,86692
86693,86693
86694,86694
86696,86696
86697,86697
86698,86698
86699,86699
86701,86701
86704,86704
86705,86705
86707,86707
86708,86708
86709,86709
86710,86710
86711,86711
86712,86712
86713,86713
86714,86714
86715,86715
86716,86716
86717,86717
86719,86719
86720,86720
86721,86721
86722,86722
86723,86723
86724,86724
86725,86725
86726,86726
86727,86727
86728,86728
86730,86730
86731,86731
86732,86732
86733,86733
86734,86734
86735,86735
86736,86736
86737,86737
86738,86738
86739,86739
86740,86740
86741,86741
86742,86742
86743,86743
86744,86744
86745,86745
86746,86746
86747,86747
86750,86750
86751,86751
86753,86753
86754,86754
86757,86757
86758,86758
86759,86759
86760,86760
86761,86761
86763,86763
86764,86764
86765,86765
86766,86766
86768,86768
86769,86769
86771,86771
86772,86772
86773,86773
86774,86774
86775,86775
86776,86776
86777,86777
86780,86780
86781,86781
86782,86782
86784,86784
86785,86785
86786,86786
86787,86787
86789,86789
86790,86790
86792,86792
86794,86794
86795,86795
86796,86796
86797,86797
86800,86800
86801,86801
86804,86804
86806,86806
86808,86808
86811,86811
86812,86812
86814,86814
86817,86817
86824,86824
86831,86831
86832,86832
86839,86839
86840,86840
86844,86844
86847,86847
86851,86851
86855,86855
86859,86859
86861,86861
86862,86862
86864,86864
86866,86866
86870,86870
86877,86877
86878,86878
86886,86886
86887,86887
86890,86890
86894,86894
86895,86895
86900,86900
86902,86902
86906,86906
86907,86907
86908,86908
86910,86910
86911,86911
86912,86912
86913,86913
86914,86914
86916,86916
86917,86917
86918,86918
86919,86919
86920,86920
86922,86922
86923,86923
86925,86925
86926,86926
86927,86927
86928,86928
86929,86929
86932,86932
86933,86933
86934,86934
86935,86935
86936,86936
86937,86937
86938,86938
86939,86939
86942,86942
86943,86943
86945,86945
86946,86946
86948,86948
86949,86949
86951,86951
86952,86952
86953,86953
86955,86955
86959,86959
86960,86960
86961,86961
86962,86962
86963,86963
86964,86964
86965,86965
86966,86966
86968,86968
86970,86970
86971,86971
86972,86972
86973,86973
86975,86975
86976,86976
86977,86977
86978,86978
86979,86979
86980,86980
86981,86981
86982,86982
86983,86983
86985,86985
86986,86986
86988,86988
86990,86990
86991,86991
86993,86993
86994,86994
86995,86995
86996,86996
86998,86998
86999,86999
87000,87000
87001,87001
87002,87002
87004,87004
87005,87005
87008,87008
87009,87009
87010,87010
87011,87011
87012,87012
87013,87013
87014,87014
87015,87015
87016,87016
87017,87017
87018,87018
87019,87019
87020,87020
87021,87021
87022,87022
87023,87023
87025,87025
87026,87026
87028,87028
87030,87030
87031,87031
87032,87032
87033,87033
87035,87035
87036,87036
87037,87037
87038,87038
87039,87039
87042,87042
87044,87044
87045,87045
87047,87047
87050,87050
87052,87052
87053,87053
87055,87055
87056,87056
87057,87057
87058,87058
87059,87059
87060,87060
87062,87062
87064,87064
87065,87065
87067,87067
87068,87068
87070,87070
87071,87071
87072,87072
87073,87073
87074,87074
87075,87075
87076,87076
87077,87077
87079,87079
87080,87080
87081,87081
87084,87084
87087,87087
87088,87088
87090,87090
87091,87091
87092,87092
87093,87093
87094,87094
87095,87095
87096,87096
87097,87097
87099,87099
87101,87101
87102,87102
87104,87104
87105,87105
87106,87106
87107,87107
87108,87108
87109,87109
87110,87110
87111,87111
87112,87112
87113,87113
87114,87114
87115,87115
87117,87117
87118,87118
87119,87119
87120,87120
87121,87121
87123,87123
87124,87124
87125,87125
87126,87126
87127,87127
87130,87130
87131,87131
87133,87133
87134,87134
87135,87135
87136,87136
87137,87137
87138,87138
87139,87139
87140,87140
87141,87141
87142,87142
87144,87144
87145,87145
87146,87146
87147,87147
87148,87148
87149,87149
87150,87150
87151,87151
87153,87153
87154,87154
87155,87155
87158,87158
87159,87159
87160,87160
87161,87161
87162,87162
87163,87163
87164,87164
87165,87165
87166,87166
87167,87167
87168,87168
87170,87170
87172,87172
87173,87173
87175,87175
87176,87176
87177,87177
87178,87178
87179,87179
87180,87180
87181,87181
87182,87182
87183,87183
87184,87184
87186,87186
87188,87188
87189,87189
87190,87190
87191,87191
87192,87192
87193,87193
87195,87195
87196,87196
87197,87197
87198,87198
87200,87200
87201,87201
87202,87202
87203,87203
87204,87204
87206,87206
87207,87207
87208,87208
87209,87209
87210,87210
87211,87211
87212,87212
87213,87213
87214,87214
87215,87215
87216,87216
87217,87217
87218,87218
87219,87219
87220,87220
87222,87222
87225,87225
87226,87226
87227,87227
87228,87228
87229,87229
87230,87230
87231,87231
87232,87232
87233,87233
87234,87234
87235,87235
87236,87236
87237,87237
87238,87238
87239,87239
87240,87240
87243,87243
87245,87245
87246,87246
87247,87247
87248,87248
87249,87249
87251,87251
87252,87252
87253,87253
87254,87254
87255,87255
87258,87258
87259,87259
87260,87260
87261,87261
87262,87262
87263,87263
87265,87265
87266,87266
87267,87267
87268,87268
87269,87269
87273,87273
87274,87274
87275,87275
87276,87276
87277,87277
87278,87278
87279,87279
87281,87281
87282,87282
87283,87283
87284,87284
87286,87286
87288,87288
87289,87289
87290,87290
87291,87291
87292,87292
87293,87293
87294,87294
87295,87295
87296,87296
87297,87297
87299,87299
87301,87301
87303,87303
87305,87305
87306,87306
87308,87308
87309,87309
87311,87311
87312,87312
87313,87313
87314,87314
87316,87316
87317,87317
87318,87318
87319,87319
87320,87320
87321,87321
87322,87322
87323,87323
87324,87324
87325,87325
87326,87326
87327,87327
87330,87330
87332,87332
87333,87333
87335,87335
87336,87336
87337,87337
87339,87339
87340,87340
87342,87342
87343,87343
87344,87344
87345,87345
87347,87347
87348,87348
87349,87349
87350,87350
87351,87351
87353,87353
87355,87355
87356,87356
87357,87357
87358,87358
87359,87359
87360,87360
87361,87361
87362,87362
87364,87364
87365,87365
87367,87367
87368,87368
87369,87369
87370,87370
87371,87371
87373,87373
87375,87375
87376,87376
87377,87377
87378,87378
87379,87379
87380,87380
87381,87381
87382,87382
87384,87384
87385,87385
87386,87386
87387,87387
87388,87388
87389,87389
87390,87390
87391,87391
87394,87394
87395,87395
87396,87396
87397,87397
87398,87398
87399,87399
87401,87401
87402,87402
87403,87403
87404,87404
87405,87405
87407,87407
87408,87408
87410,87410
87411,87411
87412,87412
87413,87413
87414,87414
87416,87416
87418,87418
87419,87419
87420,87420
87421,87421
87422,87422
87423,87423
87424,87424
87425,87425
87426,87426
87427,87427
87428,87428
87429,87429
87430,87430
87431,87431
87434,87434
87435,87435
87436,87436
87437,87437
87438,87438
87439,87439
87440,87440
87441,87441
87442,87442
87443,87443
87444,87444
87445,87445
87446,87446
87448,87448
87450,87450
87451,87451
87452,87452
87453,87453
87454,87454
87455,87455
87456,87456
87457,87457
87458,87458
87459,87459
87461,87461
87462,87462
87463,87463
87464,87464
87466,87466
87469,87469
87470,87470
87471,87471
87472,87472
87473,87473
87474,87474
87475,87475
87476,87476
87477,87477
87478,87478
87479,87479
87480,87480
87481,87481
87482,87482
87483,87483
87486,87486
87487,87487
87488,87488
87489,87489
87490,87490
87492,87492
87493,87493
87495,87495
87496,87496
87497,87497
87498,87498
87499,87499
87500,87500
87501,87501
87502,87502
87503,87503
87504,87504
87505,87505
87506,87506
87510,87510
87511,87511
87513,87513
87514,87514
87515,87515
87516,87516
87517,87517
87518,87518
87521,87521
87523,87523
87524,87524
87525,87525
87526,87526
87528,87528
87529,87529
87530,87530
87532,87532
87533,87533
87536,87536
87537,87537
87538,87538
87539,87539
87541,87541
87542,87542
87544,87544
87549,87549
87550,87550
87551,87551
87552,87552
87553,87553
87554,87554
87555,87555
87556,87556
87557,87557
87558,87558
87559,87559
87560,87560
87561,87561
87562,87562
87563,87563
87564,87564
87565,87565
87566,87566
87567,87567
87568,87568
87569,87569
87570,87570
87571,87571
87572,87572
87573,87573
87574,87574
87575,87575
87576,87576
87577,87577
87578,87578
87580,87580
87582,87582
87584,87584
87585,87585
87587,87587
87588,87588
87589,87589
87590,87590
87591,87591
87592,87592
87595,87595
87596,87596
87597,87597
87598,87598
87599,87599
87600,87600
87601,87601
87602,87602
87604,87604
87605,87605
87606,87606
87607,87607
87608,87608
87609,87609
87610,87610
87611,87611
87612,87612
87613,87613
87614,87614
87616,87616
87617,87617
87618,87618
87619,87619
87620,87620
87621,87621
87622,87622
87623,87623
87624,87624
87625,87625
87626,87626
87627,87627
87628,87628
87629,87629
87630,87630
87631,87631
87632,87632
87633,87633
87635,87635
87638,87638
87640,87640
87641,87641
87643,87643
87644,87644
87645,87645
87646,87646
87647,87647
87649,87649
87650,87650
87651,87651
87652,87652
87653,87653
87654,87654
87655,87655
87656,87656
87657,87657
87659,87659
87661,87661
87662,87662
87663,87663
87664,87664
87665,87665
87667,87667
87668,87668
87670,87670
87671,87671
87672,87672
87673,87673
87674,87674
87675,87675
87676,87676
87678,87678
87679,87679
87681,87681
87682,87682
87684,87684
87685,87685
87687,87687
87689,87689
87690,87690
87691,87691
87692,87692
87694,87694
87695,87695
87697,87697
87698,87698
87699,87699
87700,87700
87702,87702
87703,87703
87707,87707
87709,87709
87712,87712
87713,87713
87714,87714
87716,87716
87719,87719
87721,87721
87722,87722
87723,87723
87724,87724
87726,87726
87727,87727
87728,87728
87730,87730
87732,87732
87733,87733
87734,87734
87736,87736
87737,87737
87740,87740
87741,87741
87742,87742
87744,87744
87745,87745
87746,87746
87747,87747
87748,87748
87749,87749
87750,87750
87752,87752
87753,87753
87754,87754
87755,87755
87756,87756
87757,87757
87759,87759
87761,87761
87767,87767
87768,87768
87769,87769
87770,87770
87771,87771
87772,87772
87773,87773
87774,87774
87775,87775
87776,87776
87777,87777
87778,87778
87779,87779
87780,87780
87781,87781
87782,87782
87785,87785
87787,87787
87788,87788
87789,87789
87791,87791
87792,87792
87793,87793
87794,87794
87795,87795
87797,87797
87798,87798
87800,87800
87801,87801
87802,87802
87803,87803
87805,87805
87807,87807
87809,87809
87810,87810
87811,87811
87812,87812
87813,87813
87814,87814
87815,87815
87817,87817
87818,87818
87821,87821
87822,87822
87823,87823
87825,87825
87826,87826
87827,87827
87828,87828
87829,87829
87830,87830
87831,87831
87832,87832
87833,87833
87834,87834
87835,87835
87836,87836
87837,87837
87838,87838
87840,87840
87841,87841
87844,87844
87845,87845
87846,87846
87847,87847
87848,87848
87849,87849
87850,87850
87851,87851
87853,87853
87854,87854
87855,87855
87857,87857
87858,87858
87859,87859
87861,87861
87862,87862
87863,87863
87865,87865
87867,87867
87869,87869
87870,87870
87871,87871
87872,87872
87873,87873
87874,87874
87875,87875
87876,87876
87877,87877
87878,87878
87879,87879
87880,87880
87881,87881
87882,87882
87883,87883
87884,87884
87885,87885
87886,87886
87887,87887
87888,87888
87889,87889
87890,87890
87891,87891
87892,87892
87893,87893
87895,87895
87897,87897
87898,87898
87899,87899
87900,87900
87901,87901
87904,87904
87905,87905
87906,87906
87907,87907
87908,87908
87909,87909
87911,87911
87912,87912
87913,87913
87914,87914
87915,87915
87916,87916
87917,87917
87918,87918
87919,87919
87920,87920
87921,87921
87922,87922
87924,87924
87925,87925
87926,87926
87927,87927
87930,87930
87931,87931
87932,87932
87933,87933
87934,87934
87935,87935
87936,87936
87937,87937
87939,87939
87941,87941
87944,87944
87945,87945
87946,87946
87947,87947
87948,87948
87949,87949
87950,87950
87951,87951
87953,87953
87954,87954
87955,87955
87956,87956
87957,87957
87960,87960
87961,87961
87962,87962
87965,87965
87966,87966
87967,87967
87968,87968
87969,87969
87970,87970
87972,87972
87973,87973
87974,87974
87975,87975
87976,87976
87977,87977
87979,87979
87980,87980
87981,87981
87983,87983
87984,87984
87985,87985
87986,87986
87987,87987
87988,87988
87989,87989
87991,87991
87992,87992
87994,87994
87996,87996
87997,87997
87998,87998
88000,88000
88001,88001
88003,88003
88006,88006
88007,88007
88010,88010
88011,88011
88012,88012
88013,88013
88014,88014
88016,88016
88018,88018
88019,88019
88020,88020
88021,88021
88022,88022
88023,88023
88024,88024
88025,88025
88027,88027
88028,88028
88029,88029
88031,88031
88032,88032
88033,88033
88034,88034
88035,88035
88036,88036
88037,88037
88038,88038
88039,88039
88040,88040
88041,88041
88043,88043
88045,88045
88046,88046
88047,88047
88049,88049
88050,88050
88051,88051
88053,88053
88054,88054
88056,88056
88057,88057
88058,88058
88059,88059
88060,88060
88063,88063
88064,88064
88066,88066
88067,88067
88069,88069
88070,88070
88071,88071
88072,88072
88075,88075
88076,88076
88077,88077
88078,88078
88082,88082
88083,88083
88086,88086
88087,88087
88088,88088
88089,88089
88090,88090
88092,88092
88093,88093
88094,88094
88095,88095
88096,88096
88097,88097
88098,88098
88099,88099
88100,88100
88101,88101
88102,88102
88103,88103
88104,88104
88105,88105
88106,88106
88107,88107
88108,88108
88109,88109
88111,88111
88113,88113
88116,88116
88118,88118
88119,88119
88120,88120
88121,88121
88122,88122
88123,88123
88124,88124
88125,88125
88126,88126
88130,88130
88132,88132
88133,88133
88134,88134
88135,88135
88136,88136
88137,88137
88140,88140
88142,88142
88143,88143
88144,88144
88145,88145
88146,88146
88147,88147
88149,88149
88150,88150
88151,88151
88152,88152
88154,88154
88155,88155
88156,88156
88157,88157
88158,88158
88159,88159
88160,88160
88161,88161
88162,88162
88163,88163
88165,88165
88166,88166
88167,88167
88168,88168
88169,88169
88170,88170
88171,88171
88173,88173
88175,88175
88176,88176
88177,88177
88180,88180
88181,88181
88183,88183
88185,88185
88186,88186
88187,88187
88188,88188
88190,88190
88191,88191
88192,88192
88193,88193
88195,88195
88196,88196
88197,88197
88200,88200
88201,88201
88202,88202
88203,88203
88204,88204
88205,88205
88206,88206
88207,88207
88208,88208
88209,88209
88210,88210
88211,88211
88213,88213
88214,88214
88215,88215
88216,88216
88217,88217
88218,88218
88219,88219
88220,88220
88221,88221
88222,88222
88223,88223
88224,88224
88225,88225
88226,88226
88228,88228
88229,88229
88230,88230
88231,88231
88232,88232
88233,88233
88234,88234
88235,88235
88236,88236
88238,88238
88239,88239
88241,88241
88245,88245
88247,88247
88249,88249
88250,88250
88253,88253
88254,88254
88256,88256
88257,88257
88258,88258
88260,88260
88261,88261
88262,88262
88263,88263
88264,88264
88265,88265
88266,88266
88267,88267
88269,88269
88270,88270
88272,88272
88273,88273
88274,88274
88275,88275
88277,88277
88278,88278
88279,88279
88280,88280
88281,88281
88282,88282
88283,88283
88284,88284
88285,88285
88286,88286
88287,88287
88288,88288
88290,88290
88292,88292
88293,88293
88294,88294
88295,88295
88296,88296
88297,88297
88298,88298
88299,88299
88300,88300
88303,88303
88304,88304
88305,88305
88306,88306
88307,88307
88308,88308
88309,88309
88310,88310
88311,88311
88312,88312
88314,88314
88315,88315
88316,88316
88318,88318
88319,88319
88320,88320
88321,88321
88322,88322
88323,88323
88324,88324
88325,88325
88326,88326
88327,88327
88329,88329
88331,88331
88332,88332
88333,88333
88334,88334
88336,88336
88337,88337
88338,88338
88339,88339
88340,88340
88343,88343
88344,88344
88345,88345
88346,88346
88347,88347
88348,88348
88352,88352
88353,88353
88354,88354
88356,88356
88357,88357
88358,88358
88359,88359
88361,88361
88362,88362
88364,88364
88365,88365
88366,88366
88367,88367
88368,88368
88369,88369
88370,88370
88371,88371
88372,88372
88373,88373
88374,88374
88375,88375
88376,88376
88377,88377
88378,88378
88379,88379
88380,88380
88381,88381
88382,88382
88383,88383
88384,88384
88387,88387
88389,88389
88390,88390
88393,88393
88395,88395
88396,88396
88398,88398
88400,88400
88402,88402
88403,88403
88405,88405
88407,88407
88408,88408
88410,88410
88412,88412
88415,88415
88416,88416
88418,88418
88419,88419
88420,88420
88421,88421
88422,88422
88423,88423
88424,88424
88425,88425
88426,88426
88427,88427
88428,88428
88429,88429
88430,88430
88432,88432
88433,88433
88435,88435
88437,88437
88438,88438
88439,88439
88441,88441
88442,88442
88443,88443
88447,88447
88449,88449
88451,88451
88452,88452
88453,88453
88454,88454
88455,88455
88457,88457
88458,88458
88459,88459
88460,88460
88461,88461
88462,88462
88463,88463
88464,88464
88465,88465
88466,88466
88467,88467
88468,88468
88471,88471
88472,88472
88473,88473
88474,88474
88475,88475
88477,88477
88478,88478
88482,88482
88483,88483
88484,88484
88486,88486
88487,88487
88488,88488
88491,88491
88492,88492
88495,88495
88496,88496
88497,88497
88499,88499
88501,88501
88502,88502
88503,88503
88504,88504
88505,88505
88506,88506
88507,88507
88508,88508
88509,88509
88510,88510
88511,88511
88512,88512
88513,88513
88516,88516
88517,88517
88519,88519
88520,88520
88523,88523
88524,88524
88525,88525
88526,88526
88528,88528
88529,88529
88530,88530
88531,88531
88532,88532
88533,88533
88534,88534
88536,88536
88537,88537
88538,88538
88540,88540
88541,88541
88542,88542
88543,88543
88545,88545
88547,88547
88549,88549
88550,88550
88551,88551
88552,88552
88553,88553
88554,88554
88556,88556
88558,88558
88560,88560
88561,88561
88563,88563
88564,88564
88565,88565
88566,88566
88568,88568
88569,88569
88570,88570
88572,88572
88575,88575
88576,88576
88578,88578
88579,88579
88580,88580
88581,88581
88582,88582
88583,88583
88585,88585
88586,88586
88587,88587
88588,88588
88595,88595
88596,88596
88597,88597
88598,88598
88599,88599
88600,88600
88601,88601
88603,88603
88604,88604
88605,88605
88607,88607
88608,88608
88609,88609
88610,88610
88611,88611
88612,88612
88613,88613
88614,88614
88615,88615
88616,88616
88617,88617
88618,88618
88621,88621
88622,88622
88623,88623
88624,88624
88625,88625
88626,88626
88627,88627
88628,88628
88629,88629
88630,88630
88631,88631
88632,88632
88633,88633
88634,88634
88636,88636
88637,88637
88639,88639
88640,88640
88641,88641
88642,88642
88643,88643
88644,88644
88645,88645
88646,88646
88648,88648
88649,88649
88650,88650
88653,88653
88655,88655
88656,88656
88657,88657
88659,88659
88660,88660
88661,88661
88662,88662
88663,88663
88664,88664
88665,88665
88666,88666
88668,88668
88670,88670
88671,88671
88673,88673
88674,88674
88675,88675
88679,88679
88681,88681
88682,88682
88683,88683
88684,88684
88685,88685
88686,88686
88688,88688
88689,88689
88691,88691
88692,88692
88693,88693
88694,88694
88695,88695
88696,88696
88697,88697
88698,88698
88699,88699
88700,88700
88701,88701
88702,88702
88703,88703
88705,88705
88706,88706
88707,88707
88709,88709
88710,88710
88711,88711
88712,88712
88713,88713
88714,88714
88715,88715
88716,88716
88717,88717
88718,88718
88719,88719
88720,88720
88721,88721
88722,88722
88723,88723
88724,88724
88725,88725
88726,88726
88727,88727
88728,88728
88729,88729
88730,88730
88732,88732
88733,88733
88734,88734
88735,88735
88736,88736
88737,88737
88738,88738
88739,88739
88740,88740
88741,88741
88742,88742
88743,88743
88744,88744
88745,88745
88746,88746
88747,88747
88748,88748
88750,88750
88751,88751
88752,88752
88753,88753
88757,88757
88758,88758
88759,88759
88761,88761
88764,88764
88765,88765
88766,88766
88767,88767
88768,88768
88769,88769
88770,88770
88771,88771
88773,88773
88775,88775
88776,88776
88777,88777
88778,88778
88779,88779
88781,88781
88782,88782
88783,88783
88784,88784
88785,88785
88786,88786
88787,88787
88788,88788
88789,88789
88790,88790
88791,88791
88792,88792
88793,88793
88794,88794
88795,88795
88796,88796
88797,88797
88798,88798
88799,88799
88800,88800
88801,88801
88802,88802
88803,88803
88804,88804
88806,88806
88807,88807
88808,88808
88809,88809
88811,88811
88813,88813
88815,88815
88816,88816
88817,88817
88818,88818
88819,88819
88820,88820
88821,88821
88822,88822
88823,88823
88824,88824
88825,88825
88826,88826
88827,88827
88828,88828
88829,88829
88831,88831
88833,88833
88836,88836
88837,88837
88838,88838
88839,88839
88840,88840
88841,88841
88842,88842
88843,88843
88845,88845
88846,88846
88847,88847
88848,88848
88849,88849
88850,88850
88851,88851
88852,88852
88853,88853
88854,88854
88855,88855
88857,88857
88858,88858
88859,88859
88861,88861
88863,88863
88864,88864
88865,88865
88866,88866
88867,88867
88868,88868
88869,88869
88870,88870
88872,88872
88874,88874
88875,88875
88877,88877
88878,88878
88879,88879
88880,88880
88882,88882
88883,88883
88884,88884
88885,88885
88886,88886
88889,88889
88890,88890
88891,88891
88892,88892
88894,88894
88895,88895
88896,88896
88897,88897
88898,88898
88900,88900
88901,88901
88902,88902
88903,88903
88904,88904
88905,88905
88907,88907
88909,88909
88910,88910
88911,88911
88912,88912
88913,88913
88914,88914
88915,88915
88916,88916
88917,88917
88918,88918
88920,88920
88921,88921
88923,88923
88924,88924
88926,88926
88927,88927
88929,88929
88930,88930
88931,88931
88932,88932
88933,88933
88936,88936
88937,88937
88938,88938
88939,88939
88940,88940
88942,88942
88943,88943
88944,88944
88945,88945
88948,88948
88949,88949
88950,88950
88951,88951
88952,88952
88953,88953
88954,88954
88956,88956
88957,88957
88959,88959
88960,88960
88961,88961
88962,88962
88964,88964
88965,88965
88966,88966
88967,88967
88968,88968
88970,88970
88974,88974
88975,88975
88976,88976
88977,88977
88978,88978
88980,88980
88981,88981
88982,88982
88983,88983
88985,88985
88986,88986
88987,88987
88989,88989
88990,88990
88991,88991
88992,88992
88993,88993
88994,88994
88995,88995
88996,88996
88998,88998
88999,88999
89000,89000
89002,89002
89003,89003
89004,89004
89008,89008
89009,89009
89010,89010
89012,89012
89013,89013
89014,89014
89015,89015
89016,89016
89017,89017
89018,89018
89019,89019
89020,89020
89022,89022
89024,89024
89026,89026
89027,89027
89028,89028
89029,89029
89030,89030
89031,89031
89032,89032
89033,89033
89034,89034
89035,89035
89036,89036
89037,89037
89039,89039
89040,89040
89042,89042
89043,89043
89044,89044
89045,89045
89046,89046
89048,89048
89049,89049
89050,89050
89051,89051
89052,89052
89053,89053
89054,89054
89055,89055
89056,89056
89058,89058
89059,89059
89060,89060
89061,89061
89063,89063
89064,89064
89065,89065
89066,89066
89067,89067
89068,89068
89069,89069
89070,89070
89071,89071
89072,89072
89073,89073
89076,89076
89077,89077
89078,89078
89079,89079
89080,89080
89081,89081
89082,89082
89084,89084
89085,89085
89087,89087
89088,89088
89089,89089
89090,89090
89091,89091
89092,89092
89093,89093
89094,89094
89095,89095
89097,89097
89098,89098
89099,89099
89100,89100
89103,89103
89105,89105
89106,89106
89107,89107
89109,89109
89110,89110
89111,89111
89112,89112
89113,89113
89114,89114
89117,89117
89118,89118
89119,89119
89120,89120
89121,89121
89123,89123
89124,89124
89125,89125
89128,89128
89129,89129
89130,89130
89131,89131
89132,89132
89133,89133
89134,89134
89135,89135
89136,89136
89137,89137
89139,89139
89140,89140
89141,89141
89142,89142
89143,89143
89144,89144
89147,89147
89148,89148
89149,89149
89150,89150
89151,89151
89152,89152
89154,89154
89155,89155
89156,89156
89157,89157
89158,89158
89159,89159
89160,89160
89161,89161
89163,89163
89164,89164
89165,89165
89166,89166
89168,89168
89169,89169
89170,89170
89172,89172
89174,89174
89175,89175
89176,89176
89177,89177
89178,89178
89179,89179
89180,89180
89182,89182
89184,89184
89185,89185
89186,89186
89187,89187
89189,89189
89190,89190
89191,89191
89196,89196
89197,89197
89198,89198
89201,89201
89203,89203
89204,89204
89205,89205
89206,89206
89208,89208
89209,89209
89213,89213
89214,89214
89215,89215
89216,89216
89217,89217
89218,89218
89219,89219
89220,89220
89221,89221
89222,89222
89223,89223
89224,89224
89225,89225
89226,89226
89227,89227
89228,89228
89230,89230
89231,89231
89232,89232
89233,89233
89237,89237
89238,89238
89239,89239
89240,89240
89241,89241
89243,89243
89244,89244
89245,89245
89246,89246
89247,89247
89248,89248
89253,89253
89254,89254
89255,89255
89256,89256
89259,89259
89260,89260
89261,89261
89264,89264
89265,89265
89267,89267
89268,89268
89269,89269
89270,89270
89271,89271
89272,89272
89273,89273
89274,89274
89275,89275
89276,89276
89277,89277
89278,89278
89279,89279
89280,89280
89281,89281
89283,89283
89284,89284
89285,89285
89286,89286
89287,89287
89288,89288
89289,89289
89290,89290
89291,89291
89293,89293
89294,89294
89295,89295
89296,89296
89299,89299
89300,89300
89302,89302
89303,89303
89304,89304
89305,89305
89306,89306
89307,89307
89308,89308
89310,89310
89311,89311
89312,89312
89313,89313
89315,89315
89316,89316
89319,89319
89320,89320
89321,89321
89323,89323
89325,89325
89326,89326
89327,89327
89328,89328
89329,89329
89330,89330
89331,89331
89332,89332
89334,89334
89337,89337
89338,89338
89339,89339
89341,89341
89342,89342
89343,89343
89345,89345
89347,89347
89349,89349
89350,89350
89351,89351
89352,89352
89353,89353
89354,89354
89356,89356
89358,89358
89359,89359
89360,89360
89361,89361
89362,89362
89363,89363
89364,89364
89365,89365
89366,89366
89367,89367
89368,89368
89370,89370
89371,89371
89373,89373
89374,89374
89376,89376
89377,89377
89379,89379
89380,89380
89381,89381
89382,89382
89384,89384
89385,89385
89387,89387
89388,89388
89389,89389
89390,89390
89391,89391
89392,89392
89393,89393
89394,89394
89395,89395
89396,89396
89397,89397
89399,89399
89400,89400
89401,89401
89402,89402
89403,89403
89404,89404
89405,89405
89406,89406
89407,89407
89408,89408
89409,89409
89410,89410
89411,89411
89412,89412
89413,89413
89414,89414
89415,89415
89416,89416
89418,89418
89419,89419
89421,89421
89422,89422
89423,89423
89425,89425
89426,89426
89427,89427
89428,89428
89429,89429
89431,89431
89432,89432
89433,89433
89434,89434
89435,89435
89436,89436
89439,89439
89440,89440
89441,89441
89442,89442
89443,89443
89444,89444
89445,89445
89447,89447
89448,89448
89449,89449
89451,89451
89452,89452
89453,89453
89454,89454
89455,89455
89456,89456
89457,89457
89458,89458
89459,89459
89461,89461
89462,89462
89463,89463
89465,89465
89470,89470
89471,89471
89472,89472
89473,89473
89474,89474
89476,89476
89479,89479
89481,89481
89482,89482
89483,89483
89484,89484
89485,89485
89486,89486
89488,89488
89489,89489
89490,89490
89491,89491
89492,89492
89494,89494
89495,89495
89497,89497
89498,89498
89499,89499
89500,89500
89501,89501
89502,89502
89504,89504
89505,89505
89506,89506
89507,89507
89508,89508
89509,89509
89511,89511
89512,89512
89513,89513
89514,89514
89515,89515
89516,89516
89517,89517
89518,89518
89519,89519
89520,89520
89521,89521
89522,89522
89524,89524
89526,89526
89527,89527
89530,89530
89531,89531
89532,89532
89533,89533
89534,89534
89535,89535
89536,89536
89537,89537
89538,89538
89539,89539
89540,89540
89541,89541
89543,89543
89545,89545
89546,89546
89547,89547
89548,89548
89549,89549
89552,89552
89553,89553
89554,89554
89555,89555
89556,89556
89558,89558
89559,89559
89560,89560
89561,89561
89563,89563
89564,89564
89565,89565
89566,89566
89567,89567
89568,89568
89569,89569
89570,89570
89572,89572
89575,89575
89576,89576
89577,89577
89580,89580
89581,89581
89582,89582
89583,89583
89584,89584
89585,89585
89586,89586
89587,89587
89589,89589
89590,89590
89591,89591
89592,89592
89593,89593
89594,89594
89595,89595
89596,89596
89597,89597
89599,89599
89600,89600
89601,89601
89602,89602
89603,89603
89605,89605
89607,89607
89608,89608
89609,89609
89610,89610
89612,89612
89613,89613
89614,89614
89615,89615
89618,89618
89619,89619
89620,89620
89621,89621
89622,89622
89623,89623
89625,89625
89626,89626
89627,89627
89633,89633
89634,89634
89635,89635
89636,89636
89637,89637
89638,89638
89639,89639
89640,89640
89643,89643
89645,89645
89647,89647
89648,89648
89649,89649
89650,89650
89653,89653
89654,89654
89655,89655
89656,89656
89658,89658
89659,89659
89660,89660
89661,89661
89663,89663
89664,89664
89665,89665
89666,89666
89667,89667
89668,89668
89669,89669
89671,89671
89672,89672
89673,89673
89674,89674
89676,89676
89677,89677
89678,89678
89679,89679
89680,89680
89682,89682
89683,89683
89687,89687
89688,89688
89691,89691
89692,89692
89694,89694
89696,89696
89700,89700
89701,89701
89702,89702
89704,89704
89706,89706
89707,89707
89708,89708
89710,89710
89711,89711
89712,89712
89716,89716
89720,89720
89721,89721
89722,89722
89724,89724
89726,89726
89729,89729
89730,89730
89731,89731
89732,89732
89733,89733
89735,89735
89736,89736
89738,89738
89739,89739
89740,89740
89741,89741
89742,89742
89745,89745
89746,89746
89748,89748
89750,89750
89752,89752
89753,89753
89754,89754
89757,89757
89759,89759
89760,89760
89761,89761
89763,89763
89764,89764
89765,89765
89767,89767
89768,89768
89769,89769
89770,89770
89771,89771
89772,89772
89773,89773
89774,89774
89775,89775
89776,89776
89777,89777
89779,89779
89780,89780
89781,89781
89782,89782
89784,89784
89787,89787
89789,89789
89790,89790
89791,89791
89792,89792
89793,89793
89795,89795
89796,89796
89797,89797
89798,89798
89800,89800
89802,89802
89803,89803
89804,89804
89805,89805
89806,89806
89807,89807
89809,89809
89811,89811
89812,89812
89813,89813
89815,89815
89817,89817
89819,89819
89820,89820
89821,89821
89824,89824
89825,89825
89826,89826
89828,89828
89830,89830
89831,89831
89833,89833
89834,89834
89835,89835
89836,89836
89838,89838
89839,89839
89840,89840
89841,89841
89842,89842
89843,89843
89844,89844
89845,89845
89847,89847
89848,89848
89849,89849
89850,89850
89856,89856
89859,89859
89860,89860
89862,89862
89869,89869
89870,89870
89871,89871
89872,89872
89875,89875
89882,89882
89884,89884
89885,89885
89887,89887
89888,89888
89889,89889
89890,89890
89891,89891
89892,89892
89893,89893
89894,89894
89895,89895
89896,89896
89897,89897
89898,89898
89900,89900
89902,89902
89904,89904
89905,89905
89907,89907
89914,89914
89915,89915
89917,89917
89918,89918
89920,89920
89921,89921
89922,89922
89923,89923
89925,89925
89927,89927
89928,89928
89929,89929
89931,89931
89932,89932
89933,89933
89934,89934
89937,89937
89938,89938
89939,89939
89940,89940
89942,89942
89943,89943
89944,89944
89945,89945
89946,89946
89947,89947
89948,89948
89949,89949
89951,89951
89952,89952
89953,89953
89954,89954
89955,89955
89956,89956
89958,89958
89959,89959
89960,89960
89961,89961
89962,89962
89964,89964
89965,89965
89967,89967
89968,89968
89969,89969
89971,89971
89972,89972
89973,89973
89975,89975
89976,89976
89977,89977
89978,89978
89979,89979
89982,89982
89983,89983
89984,89984
89985,89985
89987,89987
89988,89988
89989,89989
89990,89990
89991,89991
89993,89993
89995,89995
89996,89996
89997,89997
89998,89998
89999,89999
90000,90000
90002,90002
90003,90003
90004,90004
90005,90005
90006,90006
90008,90008
90009,90009
90011,90011
90012,90012
90013,90013
90014,90014
90015,90015
90016,90016
90017,90017
90018,90018
90019,90019
90020,90020
90021,90021
90023,90023
90025,90025
90026,90026
90027,90027
90028,90028
90029,90029
90030,90030
90031,90031
90032,90032
90034,90034
90035,90035
90036,90036
90037,90037
90038,90038
90039,90039
90040,90040
90042,90042
90043,90043
90044,90044
90045,90045
90046,90046
90047,90047
90048,90048
90049,90049
90050,90050
90051,90051
90052,90052
90053,90053
90056,90056
90057,90057
90058,90058
90059,90059
90061,90061
90063,90063
90064,90064
90065,90065
90066,90066
90067,90067
90068,90068
90069,90069
90071,90071
90072,90072
90075,90075
90076,90076
90077,90077
90079,90079
90080,90080
90081,90081
90082,90082
90084,90084
90085,90085
90087,90087
90088,90088
90089,90089
90090,90090
90092,90092
90093,90093
90096,90096
90097,90097
90099,90099
90100,90100
90103,90103
90104,90104
90105,90105
90106,90106
90107,90107
90108,90108
90109,90109
90110,90110
90111,90111
90112,90112
90113,90113
90114,90114
90115,90115
90116,90116
90118,90118
90120,90120
90121,90121
90122,90122
90123,90123
90124,90124
90126,90126
90127,90127
90129,90129
90130,90130
90131,90131
90136,90136
90137,90137
90140,90140
90141,90141
90145,90145
90147,90147
90148,90148
90149,90149
90150,90150
90151,90151
90152,90152
90153,90153
90154,90154
90155,90155
90156,90156
90157,90157
90158,90158
90159,90159
90160,90160
90161,90161
90163,90163
90164,90164
90165,90165
90166,90166
90167,90167
90169,90169
90170,90170
90172,90172
90173,90173
90174,90174
90175,90175
90177,90177
90178,90178
90179,90179
90180,90180
90181,90181
90182,90182
90183,90183
90184,90184
90185,90185
90187,90187
90188,90188
90189,90189
90192,90192
90193,90193
90194,90194
90195,90195
90196,90196
90197,90197
90198,90198
90201,90201
90202,90202
90203,90203
90205,90205
90207,90207
90208,90208
90210,90210
90211,90211
90212,90212
90214,90214
90216,90216
90217,90217
90220,90220
90221,90221
90222,90222
90223,90223
90224,90224
90225,90225
90226,90226
90227,90227
90229,90229
90230,90230
90232,90232
90233,90233
90234,90234
90235,90235
90236,90236
90237,90237
90238,90238
90239,90239
90241,90241
90244,90244
90245,90245
90246,90246
90247,90247
90248,90248
90249,90249
90250,90250
90251,90251
90252,90252
90253,90253
90254,90254
90255,90255
90256,90256
90257,90257
90258,90258
90259,90259
90260,90260
90261,90261
90264,90264
90266,90266
90268,90268
90269,90269
90270,90270
90271,90271
90272,90272
90273,90273
90275,90275
90277,90277
90278,90278
90280,90280
90283,90283
90284,90284
90285,90285
90286,90286
90288,90288
90290,90290
90291,90291
90293,90293
90294,90294
90297,90297
90298,90298
90299,90299
90301,90301
90302,90302
90303,90303
90308,90308
90309,90309
90310,90310
90312,90312
90314,90314
90315,90315
90316,90316
90317,90317
90318,90318
90319,90319
90321,90321
90323,90323
90324,90324
90325,90325
90326,90326
90328,90328
90330,90330
90331,90331
90332,90332
90334,90334
90336,90336
90337,90337
90338,90338
90340,90340
90341,90341
90343,90343
90345,90345
90346,90346
90348,90348
90349,90349
90350,90350
90351,90351
90352,90352
90353,90353
90354,90354
90355,90355
90356,90356
90357,90357
90359,90359
90360,90360
90361,90361
90362,90362
90364,90364
90365,90365
90366,90366
90367,90367
90368,90368
90369,90369
90370,90370
90371,90371
90374,90374
90375,90375
90376,90376
90377,90377
90378,90378
90380,90380
90382,90382
90383,90383
90384,90384
90385,90385
90386,90386
90387,90387
90388,90388
90389,90389
90391,90391
90392,90392
90393,90393
90394,90394
90395,90395
90396,90396
90397,90397
90398,90398
90399,90399
90401,90401
90402,90402
90403,90403
90404,90404
90406,90406
90407,90407
90409,90409
90410,90410
90411,90411
90412,90412
90413,90413
90414,90414
90415,90415
90416,90416
90417,90417
90418,90418
90419,90419
90420,90420
90422,90422
90423,90423
90424,90424
90425,90425
90426,90426
90427,90427
90428,90428
90429,90429
90430,90430
90431,90431
90432,90432
90433,90433
90434,90434
90435,90435
90436,90436
90437,90437
90440,90440
90441,90441
90442,90442
90443,90443
90445,90445
90446,90446
90447,90447
90448,90448
90449,90449
90450,90450
90451,90451
90452,90452
90453,90453
90454,90454
90455,90455
90456,90456
90457,90457
90458,90458
90459,90459
90460,90460
90461,90461
90462,90462
90463,90463
90464,90464
90465,90465
90466,90466
90467,90467
90468,90468
90469,90469
90470,90470
90471,90471
90472,90472
90473,90473
90474,90474
90475,90475
90476,90476
90477,90477
90478,90478
90479,90479
90480,90480
90482,90482
90483,90483
90484,90484
90485,90485
90486,90486
90487,90487
90490,90490
90491,90491
90492,90492
90494,90494
90495,90495
90496,90496
90498,90498
90499,90499
90500,90500
90501,90501
90502,90502
90504,90504
90505,90505
90506,90506
90507,90507
90509,90509
90510,90510
90513,90513
90514,90514
90516,90516
90517,90517
90518,90518
90519,90519
90520,90520
90521,90521
90522,90522
90523,90523
90524,90524
90525,90525
90526,90526
90528,90528
90530,90530
90531,90531
90534,90534
90535,90535
90536,90536
90537,90537
90538,90538
90539,90539
90540,90540
90541,90541
90542,90542
90543,90543
90544,90544
90546,90546
90548,90548
90549,90549
90550,90550
90552,90552
90553,90553
90554,90554
90555,90555
90556,90556
90557,90557
90559,90559
90560,90560
90562,90562
90563,90563
90564,90564
90565,90565
90566,90566
90567,90567
90568,90568
90569,90569
90570,90570
90571,90571
90572,90572
90574,90574
90576,90576
90577,90577
90578,90578
90579,90579
90580,90580
90581,90581
90583,90583
90586,90586
90587,90587
90588,90588
90589,90589
90590,90590
90591,90591
90592,90592
90593,90593
90594,90594
90595,90595
90596,90596
90597,90597
90598,90598
90599,90599
90600,90600
90601,90601
90603,90603
90604,90604
90605,90605
90606,90606
90607,90607
90609,90609
90610,90610
90611,90611
90613,90613
90614,90614
90615,90615
90616,90616
90617,90617
90619,90619
90620,90620
90621,90621
90622,90622
90623,90623
90624,90624
90625,90625
90627,90627
90628,90628
90629,90629
90634,90634
90635,90635
90636,90636
90637,90637
90639,90639
90640,90640
90641,90641
90642,90642
90644,90644
90645,90645
90646,90646
90647,90647
90648,90648
90650,90650
90651,90651
90653,90653
90654,90654
90655,90655
90658,90658
90659,90659
90660,90660
90661,90661
90663,90663
90665,90665
90668,90668
90671,90671
90672,90672
90673,90673
90674,90674
90675,90675
90676,90676
90678,90678
90679,90679
90681,90681
90682,90682
90683,90683
90685,90685
90686,90686
90687,90687
90688,90688
90689,90689
90690,90690
90693,90693
90695,90695
90696,90696
90697,90697
90698,90698
90701,90701
90703,90703
90704,90704
90705,90705
90706,90706
90708,90708
90709,90709
90710,90710
90711,90711
90712,90712
90713,90713
90714,90714
90717,90717
90718,90718
90719,90719
90720,90720
90721,90721
90722,90722
90723,90723
90724,90724
90725,90725
90726,90726
90727,90727
90728,90728
90729,90729
90730,90730
90731,90731
90732,90732
90733,90733
90734,90734
90735,90735
90737,90737
90738,90738
90741,90741
90744,90744
90745,90745
90746,90746
90747,90747
90748,90748
90749,90749
90750,90750
90751,90751
90752,90752
90753,90753
90755,90755
90756,90756
90757,90757
90758,90758
90760,90760
90763,90763
90764,90764
90765,90765
90766,90766
90767,90767
90769,90769
90770,90770
90774,90774
90775,90775
90776,90776
90777,90777
90780,90780
90781,90781
90782,90782
90783,90783
90785,90785
90786,90786
90787,90787
90790,90790
90791,90791
90792,90792
90793,90793
90794,90794
90795,90795
90797,90797
90798,90798
90799,90799
90800,90800
90801,90801
90802,90802
90805,90805
90808,90808
90809,90809
90810,90810
90811,90811
90812,90812
90813,90813
90814,90814
90816,90816
90818,90818
90820,90820
90821,90821
90823,90823
90824,90824
90825,90825
90826,90826
90827,90827
90829,90829
90830,90830
90831,90831
90832,90832
90833,90833
90834,90834
90835,90835
90836,90836
90837,90837
90839,90839
90840,90840
90841,90841
90842,90842
90843,90843
90844,90844
90845,90845
90846,90846
90847,90847
90850,90850
90851,90851
90852,90852
90853,90853
90854,90854
90855,90855
90856,90856
90858,90858
90859,90859
90860,90860
90864,90864
90865,90865
90866,90866
90867,90867
90868,90868
90869,90869
90870,90870
90871,90871
90872,90872
90873,90873
90874,90874
90875,90875
90877,90877
90878,90878
90880,90880
90881,90881
90883,90883
90884,90884
90885,90885
90886,90886
90887,90887
90888,90888
90890,90890
90892,90892
90893,90893
90894,90894
90895,90895
90896,90896
90897,90897
90899,90899
90900,90900
90901,90901
90902,90902
90903,90903
90904,90904
90905,90905
90909,90909
90910,90910
90911,90911
90912,90912
90914,90914
90917,90917
90918,90918
90919,90919
90920,90920
90921,90921
90922,90922
90923,90923
90924,90924
90925,90925
90926,90926
90927,90927
90928,90928
90929,90929
90930,90930
90931,90931
90934,90934
90935,90935
90936,90936
90937,90937
90938,90938
90940,90940
90941,90941
90943,90943
90944,90944
90945,90945
90946,90946
90947,90947
90948,90948
90950,90950
90952,90952
90953,90953
90954,90954
90957,90957
90958,90958
90959,90959
90960,90960
90961,90961
90962,90962
90965,90965
90966,90966
90971,90971
90973,90973
90975,90975
90977,90977
90978,90978
90979,90979
90980,90980
90981,90981
90983,90983
90984,90984
90986,90986
90988,90988
90989,90989
90990,90990
90991,90991
90992,90992
90993,90993
90994,90994
90995,90995
90996,90996
90997,90997
90998,90998
90999,90999
91000,91000
91001,91001
91002,91002
91003,91003
91004,91004
91005,91005
91007,91007
91008,91008
91009,91009
91010,91010
91012,91012
91013,91013
91014,91014
91015,91015
91017,91017
91019,91019
91020,91020
91021,91021
91022,91022
91023,91023
91024,91024
91025,91025
91026,91026
91027,91027
91029,91029
91031,91031
91033,91033
91034,91034
91035,91035
91036,91036
91037,91037
91038,91038
91039,91039
91040,91040
91041,91041
91043,91043
91044,91044
91045,91045
91046,91046
91047,91047
91048,91048
91050,91050
91052,91052
91053,91053
91054,91054
91055,91055
91057,91057
91058,91058
91059,91059
91061,91061
91063,91063
91064,91064
91066,91066
91067,91067
91068,91068
91069,91069
91070,91070
91074,91074
91076,91076
91079,91079
91080,91080
91081,91081
91083,91083
91085,91085
91086,91086
91087,91087
91088,91088
91089,91089
91090,91090
91091,91091
91092,91092
91093,91093
91094,91094
91095,91095
91096,91096
91097,91097
91099,91099
91100,91100
91101,91101
91102,91102
91104,91104
91106,91106
91110,91110
91111,91111
91112,91112
91113,91113
91114,91114
91115,91115
91116,91116
91117,91117
91118,91118
91119,91119
91120,91120
91121,91121
91123,91123
91125,91125
91126,91126
91128,91128
91129,91129
91130,91130
91131,91131
91134,91134
91135,91135
91137,91137
91138,91138
91139,91139
91141,91141
91142,91142
91143,91143
91145,91145
91146,91146
91147,91147
91148,91148
91149,91149
91150,91150
91153,91153
91154,91154
91156,91156
91159,91159
91161,91161
91162,91162
91163,91163
91164,91164
91165,91165
91166,91166
91167,91167
91170,91170
91172,91172
91173,91173
91174,91174
91175,91175
91177,91177
91178,91178
91180,91180
91181,91181
91182,91182
91184,91184
91185,91185
91186,91186
91187,91187
91188,91188
91190,91190
91193,91193
91194,91194
91195,91195
91196,91196
91197,91197
91198,91198
91202,91202
91203,91203
91204,91204
91206,91206
91207,91207
91208,91208
91209,91209
91210,91210
91211,91211
91212,91212
91214,91214
91215,91215
91216,91216
91217,91217
91218,91218
91219,91219
91220,91220
91222,91222
91223,91223
91224,91224
91227,91227
91228,91228
91229,91229
91230,91230
91232,91232
91233,91233
91236,91236
91237,91237
91238,91238
91239,91239
91240,91240
91241,91241
91242,91242
91244,91244
91245,91245
91246,91246
91247,91247
91248,91248
91249,91249
91250,91250
91251,91251
91252,91252
91253,91253
91254,91254
91255,91255
91256,91256
91257,91257
91258,91258
91259,91259
91262,91262
91263,91263
91264,91264
91265,91265
91266,91266
91267,91267
91269,91269
91270,91270
91271,91271
91275,91275
91279,91279
91281,91281
91284,91284
91285,91285
91286,91286
91287,91287
91290,91290
91291,91291
91292,91292
91293,91293
91294,91294
91295,91295
91296,91296
91297,91297
91298,91298
91299,91299
91300,91300
91302,91302
91304,91304
91305,91305
91306,91306
91307,91307
91308,91308
91309,91309
91311,91311
91312,91312
91314,91314
91315,91315
91317,91317
91318,91318
91319,91319
91320,91320
91321,91321
91322,91322
91325,91325
91327,91327
91328,91328
91330,91330
91331,91331
91332,91332
91333,91333
91335,91335
91336,91336
91337,91337
91338,91338
91340,91340
91341,91341
91343,91343
91345,91345
91346,91346
91347,91347
91348,91348
91349,91349
91350,91350
91351,91351
91352,91352
91355,91355
91356,91356
91357,91357
91358,91358
91359,91359
91360,91360
91361,91361
91362,91362
91364,91364
91365,91365
91366,91366
91368,91368
91369,91369
91370,91370
91371,91371
91373,91373
91374,91374
91375,91375
91376,91376
91377,91377
91379,91379
91380,91380
91381,91381
91385,91385
91386,91386
91388,91388
91389,91389
91391,91391
91392,91392
91393,91393
91394,91394
91395,91395
91396,91396
91397,91397
91398,91398
91401,91401
91406,91406
91407,91407
91408,91408
91409,91409
91411,91411
91412,91412
91413,91413
91414,91414
91415,91415
91416,91416
91418,91418
91419,91419
91423,91423
91424,91424
91425,91425
91426,91426
91427,91427
91428,91428
91429,91429
91430,91430
91431,91431
91432,91432
91434,91434
91435,91435
91437,91437
91438,91438
91440,91440
91441,91441
91442,91442
91444,91444
91445,91445
91447,91447
91448,91448
91451,91451
91453,91453
91455,91455
91457,91457
91458,91458
91460,91460
91461,91461
91462,91462
91463,91463
91464,91464
91467,91467
91468,91468
91469,91469
91470,91470
91471,91471
91472,91472
91474,91474
91475,91475
91476,91476
91477,91477
91478,91478
91479,91479
91480,91480
91481,91481
91482,91482
91483,91483
91484,91484
91485,91485
91486,91486
91487,91487
91488,91488
91491,91491
91493,91493
91494,91494
91495,91495
91496,91496
91497,91497
91498,91498
91499,91499
91500,91500
91501,91501
91502,91502
91503,91503
91505,91505
91506,91506
91509,91509
91510,91510
91513,91513
91514,91514
91516,91516
91521,91521
91522,91522
91523,91523
91525,91525
91526,91526
91528,91528
91530,91530
91531,91531
91532,91532
91534,91534
91535,91535
91536,91536
91538,91538
91539,91539
91540,91540
91541,91541
91542,91542
91543,91543
91544,91544
91545,91545
91547,91547
91550,91550
91553,91553
91554,91554
91555,91555
91557,91557
91560,91560
91561,91561
91562,91562
91563,91563
91564,91564
91567,91567
91568,91568
91569,91569
91571,91571
91572,91572
91573,91573
91575,91575
91577,91577
91578,91578
91579,91579
91583,91583
91584,91584
91586,91586
91587,91587
91588,91588
91589,91589
91591,91591
91592,91592
91594,91594
91597,91597
91599,91599
91600,91600
91601,91601
91602,91602
91603,91603
91604,91604
91605,91605
91606,91606
91608,91608
91609,91609
91610,91610
91611,91611
91612,91612
91613,91613
91614,91614
91615,91615
91616,91616
91617,91617
91618,91618
91620,91620
91622,91622
91623,91623
91624,91624
91626,91626
91628,91628
91629,91629
91630,91630
91631,91631
91632,91632
91634,91634
91635,91635
91637,91637
91638,91638
91639,91639
91641,91641
91642,91642
91643,91643
91644,91644
91645,91645
91646,91646
91647,91647
91649,91649
91651,91651
91653,91653
91654,91654
91655,91655
91656,91656
91658,91658
91659,91659
91660,91660
91662,91662
91664,91664
91665,91665
91666,91666
91668,91668
91669,91669
91670,91670
91671,91671
91673,91673
91674,91674
91675,91675
91678,91678
91679,91679
91680,91680
91682,91682
91683,91683
91684,91684
91685,91685
91686,91686
91687,91687
91688,91688
91689,91689
91690,91690
91691,91691
91692,91692
91693,91693
91694,91694
91695,91695
91696,91696
91697,91697
91698,91698
91699,91699
91700,91700
91701,91701
91702,91702
91703,91703
91704,91704
91705,91705
91706,91706
91708,91708
91709,91709
91710,91710
91711,91711
91713,91713
91714,91714
91715,91715
91716,91716
91721,91721
91724,91724
91725,91725
91726,91726
91727,91727
91728,91728
91730,91730
91731,91731
91732,91732
91734,91734
91735,91735
91736,91736
91737,91737
91738,91738
91739,91739
91741,91741
91742,91742
91744,91744
91745,91745
91746,91746
91747,91747
91748,91748
91749,91749
91750,91750
91755,91755
91756,91756
91758,91758
91761,91761
91762,91762
91763,91763
91764,91764
91765,91765
91766,91766
91767,91767
91768,91768
91769,91769
91770,91770
91772,91772
91773,91773
91774,91774
91776,91776
91777,91777
91778,91778
91780,91780
91781,91781
91782,91782
91783,91783
91784,91784
91785,91785
91786,91786
91787,91787
91788,91788
91789,91789
91790,91790
91791,91791
91792,91792
91793,91793
91795,91795
91798,91798
91799,91799
91800,91800
91801,91801
91802,91802
91803,91803
91805,91805
91806,91806
91808,91808
91809,91809
91810,91810
91811,91811
91812,91812
91813,91813
91814,91814
91815,91815
91817,91817
91818,91818
91819,91819
91821,91821
91822,91822
91826,91826
91827,91827
91828,91828
91829,91829
91831,91831
91832,91832
91833,91833
91834,91834
91835,91835
91836,91836
91837,91837
91838,91838
91839,91839
91841,91841
91842,91842
91843,91843
91844,91844
91846,91846
91848,91848
91849,91849
91851,91851
91852,91852
91853,91853
91854,91854
91855,91855
91856,91856
91857,91857
91858,91858
91860,91860
91862,91862
91863,91863
91864,91864
91868,91868
91869,91869
91870,91870
91871,91871
91874,91874
91875,91875
91877,91877
91878,91878
91879,91879
91880,91880
91882,91882
91883,91883
91884,91884
91885,91885
91886,91886
91887,91887
91889,91889
91890,91890
91891,91891
91894,91894
91897,91897
91898,91898
91899,91899
91900,91900
91901,91901
91902,91902
91903,91903
91904,91904
91905,91905
91906,91906
91907,91907
91914,91914
91915,91915
91917,91917
91918,91918
91919,91919
91920,91920
91921,91921
91922,91922
91923,91923
91924,91924
91925,91925
91926,91926
91927,91927
91928,91928
91929,91929
91930,91930
91932,91932
91933,91933
91934,91934
91935,91935
91936,91936
91938,91938
91940,91940
91941,91941
91944,91944
91946,91946
91948,91948
91949,91949
91950,91950
91951,91951
91952,91952
91953,91953
91956,91956
91957,91957
91958,91958
91959,91959
91960,91960
91963,91963
91965,91965
91966,91966
91967,91967
91968,91968
91969,91969
91971,91971
91972,91972
91973,91973
91975,91975
91978,91978
91979,91979
91980,91980
91981,91981
91982,91982
91986,91986
91987,91987
91989,91989
91990,91990
91991,91991
91992,91992
91993,91993
91994,91994
91998,91998
91999,91999
92000,92000
92002,92002
92004,92004
92005,92005
92006,92006
92009,92009
92010,92010
92012,92012
92013,92013
92014,92014
92015,92015
92016,92016
92018,92018
92019,92019
92020,92020
92021,92021
92022,92022
92023,92023
92025,92025
92026,92026
92028,92028
92029,92029
92030,92030
92031,92031
92033,92033
92034,92034
92036,92036
92037,92037
92038,92038
92040,92040
92041,92041
92043,92043
92044,92044
92045,92045
92046,92046
92047,92047
92048,92048
92049,92049
92050,92050
92053,92053
92054,92054
92055,92055
92056,92056
92057,92057
92058,92058
92059,92059
92060,92060
92061,92061
92062,92062
92064,92064
92066,92066
92068,92068
92069,92069
92070,92070
92071,92071
92074,92074
92075,92075
92076,92076
92077,92077
92078,92078
92080,92080
92083,92083
92084,92084
92085,92085
92087,92087
92088,92088
92089,92089
92090,92090
92091,92091
92092,92092
92096,92096
92099,92099
92100,92100
92102,92102
92103,92103
92104,92104
92105,92105
92108,92108
92110,92110
92111,92111
92113,92113
92114,92114
92115,92115
92118,92118
92119,92119
92121,92121
92122,92122
92125,92125
92126,92126
92128,92128
92129,92129
92130,92130
92131,92131
92132,92132
92133,92133
92134,92134
92135,92135
92136,92136
92137,92137
92138,92138
92139,92139
92140,92140
92142,92142
92143,92143
92145,92145
92146,92146
92147,92147
92148,92148
92149,92149
92151,92151
92152,92152
92153,92153
92154,92154
92155,92155
92156,92156
92157,92157
92158,92158
92159,92159
92160,92160
92161,92161
92162,92162
92164,92164
92165,92165
92167,92167
92168,92168
92169,92169
92170,92170
92171,92171
92172,92172
92174,92174
92175,92175
92176,92176
92177,92177
92178,92178
92179,92179
92181,92181
92182,92182
92183,92183
92184,92184
92186,92186
92187,92187
92188,92188
92189,92189
92190,92190
92191,92191
92192,92192
92193,92193
92194,92194
92195,92195
92196,92196
92197,92197
92198,92198
92199,92199
92200,92200
92201,92201
92203,92203
92204,92204
92205,92205
92206,92206
92207,92207
92208,92208
92209,92209
92210,92210
92212,92212
92213,92213
92214,92214
92215,92215
92216,92216
92218,92218
92219,92219
92220,92220
92221,92221
92222,92222
92224,92224
92225,92225
92226,92226
92227,92227
92228,92228
92229,92229
92230,92230
92231,92231
92232,92232
92235,92235
92236,92236
92237,92237
92238,92238
92239,92239
92240,92240
92243,92243
92245,92245
92246,92246
92247,92247
92248,92248
92249,92249
92250,92250
92251,92251
92252,92252
92254,92254
92255,92255
92256,92256
92257,92257
92258,92258
92259,92259
92260,92260
92261,92261
92263,92263
92264,92264
92265,92265
92266,92266
92267,92267
92268,92268
92269,92269
92275,92275
92276,92276
92277,92277
92279,92279
92280,92280
92281,92281
92282,92282
92283,92283
92284,92284
92285,92285
92286,92286
92288,92288
92289,92289
92290,92290
92291,92291
92293,92293
92294,92294
92297,92297
92298,92298
92299,92299
92300,92300
92301,92301
92302,92302
92304,92304
92305,92305
92306,92306
92307,92307
92309,92309
92310,92310
92311,92311
92317,92317
92319,92319
92321,92321
92322,92322
92323,92323
92325,92325
92326,92326
92328,92328
92330,92330
92331,92331
92333,92333
92335,92335
92336,92336
92337,92337
92340,92340
92341,92341
92343,92343
92344,92344
92345,92345
92346,92346
92347,92347
92348,92348
92349,92349
92351,92351
92352,92352
92353,92353
92355,92355
92356,92356
92357,92357
92359,92359
92360,92360
92361,92361
92362,92362
92363,92363
92364,92364
92366,92366
92368,92368
92369,92369
92371,92371
92373,92373
92374,92374
92375,92375
92376,92376
92377,92377
92378,92378
92379,92379
92382,92382
92387,92387
92388,92388
92389,92389
92390,92390
92391,92391